Message,idioma_detectado,clean_en,texto_es,Category
edrugs online edrugs online,af,edrugs online edrugs online,edrugs en línea edrugs en línea,spam
would you like to stop smoking ?,af,would you like to stop smoking,¿Quiere dejar de fumar?,spam
"tetm : 22 , interest : 3 . 55 % ha http : / / voj 2 hcdc . rote . espoeiur . us / ? 21 vtmhuy",af,tetm number interest number number ha http voj number hcdc rote espoeiur us number vtmhuy,número de tetm número de interés número ha http voj número hcdc rote espoeiur us número vtmhuy,spam
"enron / hpl actuals for july 25 , 2000 teco tap 30 . 000 / enron ; 90 . 000 / hpl iferc
ls hpl lsk ic 30 . 000 / enron",ca,enron hpl actuals for july number number teco tap number number enron number number hpl iferc ls hpl lsk ic number number enron,enron hpl reals for july número número teco tap número número enron número número hpl iferc ls hpl lsk ic número número enron,ham
"xanax - 5 free pills ` oniine rx vlagra - $ 7 o
vallum - $ 7 o
clalls - $ 7 o
amblen - $ llo
soma - $ 6 o
and more . .
visit site here
remo . ve",ca,xanax number free pills oniine rx vlagra number o vallum number o clalls number o amblen llo soma number o and more visit site here remo ve,xanax número gratis píldoras oniine rx vlagra número o vallum número o clalls número o amblen llo soma número o y más sitio de visita aquí remo ve,spam
"congo clal 1 is , \ / 11 agrra , xanaax , adlpex , \ / all 1 um , ambl 1 en , tussioneex from $ 65 gelation blindness protocol totient tenure ,
xanaax , \ / alium , cialiis , \ / iaagra , ambieen & all popular medssno long questioning form , you pay & we shiip out today cageworldwide shippiing talon
prom 0 tion running now :
\ / aliuum : from $ 70
ambiien : from $ 68
ciaaliis : from $ 96
\ / iaagra : from $ 64
xanaax : from $ 75
& many more meds for u to choose from carnegie
dont miss this prom 0 tionlimited stock until all sold out ( this way please )
iterative ripen subtilie colima abstersion adnoun hesperides registrary harass .",ca,congo clal number is number agrra xanaax adlpex all number um ambl number en tussioneex from number gelation blindness protocol totient tenure xanaax alium cialiis iaagra ambieen all popular medssno long questioning form you pay we shiip out today cageworldwide shippiing talon prom number tion running now aliuum from number ambiien from number ciaaliis from number iaagra from number xanaax from number many more meds for you to choose from carnegie do not miss this prom number tionlimited stock until all sold out this way please iterative ripen subtilie colima abstersion adnoun hesperides registrary harass,Congo clal número is número agrra xanaax adlpex all número um ambl número en tussioneex from número gelation clightcordy protocol totient tenure xanaax alium cialiis iaagra ambieen all popular medssno long interrogation form you pay shiip out toda la vida jauperwide shippiing talon prom número tion running now aliuum from número a,spam
"nesa / hea hosts trrc chairman williams in dallas - august 20 th ! nesa / hea is headed to dallas ! whether you live , work or just have customers
in dallas , you ' ll want to take advantage of every opportunity to join us on
monday , august 20 th at cityplace , just outside downtown dallas to hear trrc
chairman michael l . williams present an update on the state of the energy
industry in texas !
a strong conservative appointed by former governor george w . bush , chairman
williams has been designated as the trrc ' s "" point person "" for regulatory
reform and technology modernization . he ' s an informative and highly
entertaining speaker , so make your plans now to attend .
cityplace is located at 2711 n . haskell , and registration will begin at
11 : 30 a . m . in the foyer of the turtle creek i ballroom . lunch service
begins at noon and the chairman will speak at 12 : 30 p . m . for directions to
cityplace , please call 214 / 828 - 7050 .
nesa / hea members pay only $ 35 in advance , or $ 40 at the door . members can
also purchase corporate tables of ten for $ 300 if your registration is
received by august 15 th . all registrations received wishing to pay at the
door will be billed if you do not attend . non - members pay $ 50 or can pay $ 75
which includes nesa / hea membership through 2001 .
fax in the bottom portion of this message with your credit card payment or
mail with your check to nesa / hea headquarters . don ' t delay ! this is
expected to be a sell - out , so register today ! see you on the 20 th in
dallas !
name _ _ _ _ _ _ _ _ _ _ _ _ _ _ _ _ _ _ _ _ _ _ _ _ _ _ _ _ _ _ _ _ _ _ _ _ _ _ _ _ _ _ _ _ _ _ _ _ _ _ _ _ _
company _ _ _ _ _ _ _ _ _ _ _ _ _ _ _ _ _ _ _ _ _ _ _ _ _ _ _ _ _ _ _ _ _ _ _ _ _ _ _ _ _ _ _ _ _ _ _ _ _
nesa / hea member ? _ _ _ _ _ phone number _ _ _ _ _ _ _ _ _ _ _ _ _ _ _ _
credit card number _ _ _ _ _ _ _ _ _ _ _ _ _ _ _ _ _ _ _ _ _ _ _ _ _ _ _ _ _ _ _ _ _ _ _ _ _ _
expiration date _ _ _ _ _ _ _ _ _ _ _ _ _ amount paid _ _ _ _ _ _ _ _ _ _ _ _
teresa a . knight
vice president , member services
teresa . knight @ nesanet . org
( 713 ) 856 - 6525
fax ( 713 ) 856 - 6199",cs,nesa hea hosts trrc chairman williams in dallas august number th nesa hea is headed to dallas whether you live work or just have customers in dallas you ll want to take advantage of every opportunity to join us on monday august number th at cityplace just outside downtown dallas to hear trrc chairman michael l williams present an update on the state of the energy industry in texas a strong conservative appointed by former governor george with bush chairman williams has been designated as the trrc s point person for regulatory reform and technology modernization he s an informative and highly entertaining speaker so make your plans now to attend cityplace is located at number n haskell and registration will begin at number number a m in the foyer of the turtle creek i ballroom lunch service begins at noon and the chairman will speak at number number p m for directions to cityplace please call number number number nesa hea members pay only number in advance or number at the door members can also purchase corporate tables of ten for number if your registration is received by august number th all registrations received wishing to pay at the door will be billed if you do not attend non members pay number or can pay number which includes nesa hea membership through number fax in the bottom portion of this message with your credit card payment or mail with your check to nesa hea headquarters don t delay this is expected to be a sell out so register today see you on the number th in dallas name company nesa hea member phone number credit card number expiration date amount paid teresa a knight vice president member services teresa knight nesanet org number number number fax number number number,nesa hea hosts trrc presidente williams in dallas august número th nesa hea se dirige a dallas si usted vive el trabajo o simplemente tiene clientes en dallas usted deseará aprovechar cada oportunidad de unirse a nosotros el lunes august número th en el lugar de la ciudad a las afueras del centro de dallas para escuchar trrc presidente Michael l williams,ham
"ü ± âøüø ! ° øÀîáß ° ³ » ç ± âãâÞ ® á ¦ Þ « · áá ¦ ° øýè ³ » ?ffffbe?ffffc 8 ?ffffba?ffffb 8 3 ?ffffb 8 ?ffffe 9 ?ffffb 9 ?ffffd 9 ?ffffb 7 ?ffffce ?ffffbe?ffffc 6 ?ffffb 7 ?ffffal
?ffffa 2 ?ffffc 2 ?ffffcl?ffffc 2 3 ?fffff 8 ?ffffbf?ffffal ?ffffco?ffffd 6 ?ffffb 4 ?ffffc 2
cezktawae hzkebepgupv qwfobclubl vihszpj
dz tsqqrb gupesu
b rzhshm poibu
b xspalqhb ofrgas mdjda",cy,ffffbe ffffc number ffffba ffffb number number ffffb number ffffe number ffffb number ffffd number ffffb number ffffce ffffbe ffffc number ffffb number ffffal ffffa number ffffc number ffffcl ffffc number number fffff number ffffbf ffffal ffffco ffffd number ffffb number ffffc number cezktawae hzkebepgupv qwfobclubl vihszpj dz tsqqrb gupesu b rzhshm poibu b xspalqhb ofrgas mdjda,ffffbe ffffc Number ffffba ffffb Number ffffb Number ffffb Number ffffb Number fffffffffffffffffffffffffffffffffffffffffffffffffffffffffffffffffffffffffffffffffffffffff,spam
"( æ ¯ ± Þ ) ãö ° í ³ · ÀßÀìÀ ² þ ¡ ãê ½ ßççµå ´ ëãâ , ýèÀüçñ ´ ëãâ ! wanu wddpgaycg rk ?ffffbe?ffffc 8 ?ffffba?ffffb 8 8 ?ffffe 9 ?ffffbe?ffffc 6 ?ffffb 7 ?ffffal?ffffa 1 ?ffffe 9 [ 9 6 ?ffffb 8 ?ffffa 6",cy,wanu wddpgaycg rk ffffbe ffffc number ffffba ffffb number number ffffe number ffffbe ffffc number ffffb number ffffal ffffa number ffffe number number number ffffb number ffffa number,Wanu wddpgaycg rk ffffbe ffffc número ffffba ffffb número ffffe número ffffbe ffffc número ffffb número ffffal ffffa número ffffe número ffffb número ffffa número,spam
"daniel kargbo . fork ! fork ,
from ; mr . david kargbou and family ,
johannesburg , south africa .
my dear ,
good day . this very confidential request should come as a surprise to you . but it is because of the nature of what is happening to me and my family urged me to contact you , and i quite understand that this is not the best way to contact you because of the nature of my request and the attention it requires . i got your contact information from your country ' s information directory during my desperate search for someone who can assist me secretly and confidentially in relocating and managing some family fortunes .
my name is mr . david kargbou , the second son of mr . smith thabo kargbou , of beitbridge zimbabwe . at the height of the present political crises in our country , in which the white farmers in our country are being slained and ripped off their belongings by the supporters of our president , mr . robert g . mugabe , in their efforts to reclaim all the white owned farms in our country , my father and my elder brother were brutally slained to a painful death on the 13 th of february , 2002 , in their struggle to protect some white farmers who ran to take refuge in our house . my father , during his life on earth was a prominent business man who trades on diamond and gold from some foreign countries . he publicly opposes the crude policies and crime against humanity on the white farmers by mr . robert mugabe and his followers , which they enforced media law restrictions to protect their wicked acts . that not being enough , the president and his followers after winning the la
st undemocratic elections decided to block and confiscate all accounts and assets of our black indigenes [ that included my fathers assets and accounts ] who oppose his policies and render support to these white farmers , along with the assets of these white farmers themselves , that are being presently confiscated . i therefore decided to move my mother and younger sister to the republic of south africa , where we presently live without anything and without any source of livelyhood .
during my fathers life on earth , he had deposited the sum of seven million and four hundred thousand united states dollars [ $ 7 . 400 . 000 . 00 ] in a trunk box with a finance and security company in the republic of togo for a cash and carry diamond and gold business with some foreign business customers , awaiting instructions to be moved to its destination , which he never completed before he met his untimely death on that faithful day . in view of this and as the only surviving son of my father , and with the present clamp down , killing and confiscation of his assets as one of those who render support to the white farmers in our country , i therefore humbly wish to inform you of my intentions to use your name and adress in making sure that this fund is lifted out of africa finally , to the europe office of the finance company and also seek for your honest and trustworthy assistance to help me clear and accommodate this money over there before it is dictated out and bloc
ked by the present mugabe ' s regime . my mother is presently with the valid document covering this deposit .
now this is what i actually want you to do for me ;
1 . i want you to be presented to the finance and security company as the person i contacted to assist my family for this purpose , with whose name and adress myself and my mother will forward to them their office in the republic of togo as the person that will clear this money when they lift it out to their europe office .
2 . to finally assist me in accommodating and managing this money in any lucrative business in your country for at least three years .
please , i hope you will grant and view this very request with favour and much understanding of our situation now , and will be a very honest and reliable person to deal with . and also bearing in mind the confidential nature of this my request , i emphasize please that you keep every bit of it to yourself so as to protect my familys future and yourself rendering this help . thanking you in anticipation of your urgent response as soon as you read this very request .
best regards ,
mr . david kargbou and family .
http : / / xent . com / mailman / listinfo / fork",cy,daniel kargbo fork fork from mr david kargbou and family johannesburg south africa my dear good day this very confidential request should come as a surprise to you but it is because of the nature of what is happening to me and my family urged me to contact you and i quite understand that this is not the best way to contact you because of the nature of my request and the attention it requires i got your contact information from your country s information directory during my desperate search for someone who can assist me secretly and confidentially in relocating and managing some family fortunes my name is mr david kargbou the second son of mr smith thabo kargbou of beitbridge zimbabwe at the height of the present political crises in our country in which the white farmers in our country are being slained and ripped off their belongings by the supporters of our president mr robert g mugabe in their efforts to reclaim all the white owned farms in our country my father and my elder brother were brutally slained to a painful death on the number th of february number in their struggle to protect some white farmers who ran to take refuge in our house my father during his life on earth was a prominent business man who trades on diamond and gold from some foreign countries he publicly opposes the crude policies and crime against humanity on the white farmers by mr robert mugabe and his followers which they enforced media law restrictions to protect their wicked acts that not being enough the president and his followers after winning the la st undemocratic elections decided to block and confiscate all accounts and assets of our black indigenes that included my fathers assets and accounts who oppose his policies and render support to these white farmers along with the assets of these white farmers themselves that are being presently confiscated i therefore decided to move my mother and younger sister to the republic of south africa where we presently live without anything and without any source of livelyhood during my fathers life on earth he had deposited the sum of seven million and four hundred thousand united states dollars number number number number in a trunk box with a finance and security company in the republic of togo for a cash and carry diamond and gold business with some foreign business customers awaiting instructions to be moved to its destination which he never completed before he met his untimely death on that faithful day in view of this and as the only surviving son of my father and with the present clamp down killing and confiscation of his assets as one of those who render support to the white farmers in our country i therefore humbly wish to inform you of my intentions to use your name and address in making sure that this fund is lifted out of africa finally to the europe office of the finance company and also seek for your honest and trustworthy assistance to help me clear and accommodate this money over there before it is dictated out and bloc ked by the present mugabe s regime my mother is presently with the valid document covering this deposit now this is what i actually want you to do for me number i want you to be presented to the finance and security company as the person i contacted to assist my family for this purpose with whose name and address myself and my mother will forward to them their office in the republic of togo as the person that will clear this money when they lift it out to their europe office number to finally assist me in accommodating and managing this money in any lucrative business in your country for at least three years please i hope you will grant and view this very request with favour and much understanding of our situation now and will be a very honest and reliable person to deal with and also bearing in mind the confidential nature of this my request i emphasize please that you keep every bit of it to yourself so as to protect my familys future and yourself rendering this help thanking you in anticipation of your urgent response as soon as you read this very request best regards mr david kargbou and family http xent com mailman listinfo fork,"Daniel Kargbo tenedor de tenedor del Sr. David Kargbou y familia Johannesburgo Sudáfrica mi querido buen día esta petición muy confidencial debe venir como una sorpresa para usted, pero es debido a la naturaleza de lo que está sucediendo a mí y mi familia me instó a ponerse en contacto con usted y entiendo bastante que esta no es la mejor manera de ponerse en contacto con usted debido a la naturaleza de mi petición y la atención que requiere que tengo",spam
expert finder https : / / expertfinder . enron . com /,da,expert finder expertfinder enron com,buscador experto expertfinder enron com,ham
message subject goodbye,da,message subject goodbye,mensaje asunto adiós,spam
"development center class reminder - derivatives i - applied energy derivatives
you are scheduled to attend :
derivatives i - applied energy derivatives
class days and times :
7 / 11 / 2000 08 : 00 : 00 am - 05 : 00 : 00 pm
7 / 12 / 2000 08 : 00 : 00 am - 12 : 00 : 00 pm
room # & location : eb 552 , houston
participant fee : $ 800
note : if available , please bring a financial calculator with you .
if you are unable to attend this class , the registration must be canceled by
5 : 00 p . m . on july 6 , 2000 to prevent a charge of $ 800 to your rc number .
we look forward to seeing you at 08 : 00 : 00 am on july 11 - 12 , 2000 . please
call the development center team at 713 - 853 - 0357 if you have any questions .
thank you .",da,development center class reminder derivatives i applied energy derivatives you are scheduled to attend derivatives i applied energy derivatives class days and times number number number number number number am number number number pm number number number number number number am number number number pm room location eb number houston participant fee number note if available please bring a financial calculator with you if you are unable to attend this class the registration must be canceled by number number p m on july number number to prevent a charge of number to your rc number we look forward to seeing you at number number number am on july number number number please call the development center team at number number number if you have any questions thank you,desarrollo centro clase recordatorio derivados i aplicación de derivados de energía que están programados para asistir derivados i aplicación de derivados de energía clase días y horarios número número número número am número número número número pm número número número número am número número pm habitación ubicación eb número houston número de tarifa participante nota si está disponible por favor traiga una calculadora financiera con usted si usted no puede asistir a esta clase el registro debe ser cancelado por número p m número de julio para evitar un cargo de número a su número rc miramos hacia adelante,ham
"die renner der ultimative erotiknewsletter . alle seiten wurden von uns getestet und f?r
gut befunden :
junge schulm?chen und collegeteenies vor der cam
http : / / www . pornladys . com
extrem fetish voyeur , in deutschland strengstens verboten und hier live zu
sehen
http : / / www . sexlude . com
livecams , 50 . 000 bilder und videos von scharfen lesben
http : / / www . mysexgirlie . com /
flatratesex , f?r nur 14 , 99 euro kannst du dir einen monat lang ?ber 200
private livecams
anschaun , dazu noch unz?hlige bilder und videos , ohne 0190 ohne versteckte
kosten .
der absolute hammer !
http : / / www . sexania . com
kein bock mehr auf unsere mails ? dann einfach hier austragen lassen :",de,die renner der ultimative erotiknewsletter alle seiten wurden von uns getestet und f are gut befunden junge schulm chen und collegeteenies vor der cam http www pornladys com extrem fetish voyeur in deutschland strengstens verboten und hier live zu sehen http www sexlude com livecams number number bilder und videos von scharfen lesben http www mysexgirlie com flatratesex f are nur number number euro kannst du dir einen monat lang ber number private livecams anschaun dazu noch unz hlige bilder und videos ohne number ohne versteckte kosten der absolute hammer http www sexania com kein bock mehr auf unsere mails dann einfach hier austragen lassen,die renner der ultimative erotiknewsletter alle seiten wurden von uns getestet und f are gut befunden junge schulm chen und collegeteenies vor der cam http www pornoladys com extrem fetiche voyeur in deutschland strengstens verboten und hier en vivo zu sehen http www sexlude com cámaras en directo número número bilder und videos von scharfen lesben,spam
"deutsche postbank ag sehr geehrte kundin ,
sehr geehrter kunde ,
die unserer bank hat beschlossen , ein neues datenschutzssystem zu entwickeln . da zur zeit die betr?gereien mit den bankkonten von unseren kundschaften ?fters geworden sind , sind wir gezwungen , eine zus?tzliche autorisation von den konten unserer bankkunden vorzunehmen . von unseren spezialisten wurden sowohl die protokolle der , als auch die methoden der kodierung der ?bertragenen daten neu gestaltet .
auf grund dessen , bitten wir unsere kunden inst?ndig , eine spezielle form der zus?tzlichen autorisation auszuf?llen
diese schutzma?nahmen wurden nur zur sicherheit der interessen unserer kunden eingesetzt .
danke f?r ihr verst?ndnis ,
mit freundlichen gr??en ,
administration der deutsche postbank ag
© 2004 deutsche postbank ag",de,deutsche postbank ag sehr geehrte kundin sehr geehrter kunde die unserer bank hat beschlossen ein neues datenschutzssystem zu entwickeln da zur zeit die betr gereien mit den bankkonten von unseren kundschaften fters geworden sind sind wir gezwungen eine zus tzliche autorisation von den konten unserer bankkunden vorzunehmen von unseren spezialisten wurden sowohl die protokolle der als auch die methoden der kodierung der bertragenen daten neu gestaltet auf grund dessen bitten wir unsere kunden inst ndig eine spezielle form der zus tzlichen autorisation auszuf llen diese schutzma nahmen wurden nur zur sicherheit der interessen unserer kunden eingesetzt danke f are ihr verst ndnis mit freundlichen gr en administration der deutsche postbank ag number deutsche postbank ag,Deutsche postbank ag sehr geehrte kundin sehr geehrter die unserer bank hat beschlossen ein neues datenschutzssystem zu entwickeln da zur zeit die betr gereien mit den bankkonten von unseren kundschaften fters geworden sind sind wir gezwungen eine zus tzliche autorisation von den konten un,spam
"das neue system des schutzes sehr geehrter kunde ,
in der letzten zeit sind die betrgereien mit den bankkonten von unseren klienten fters zustande gekommen . im zusammenhang damit sind wir gezwungen nachtrglich eine zustzliche autorisation von den kontoihabern durchzufhren .
die von der postbank traf die entscheidung , ein neues datenschutzsystem einzusetzen . dazu wurden von unseren fachleuten sowohl die protokolle der informations - bertragung , als auch die art und weise der kodierungt der bertragenen daten neu gemacht .
im verbindung damit , bitten wir sie , eine spezielle form der zustzlichen autorisation auszufllen .
diese wurden nur zum schutz der interessen von unseren kunden eingesetzt .
danke fr die ,
administration der postbank
© 2005 deutsche postbank ag",de,das neue system des schutzes sehr geehrter kunde in der letzten zeit sind die betrgereien mit den bankkonten von unseren klienten fters zustande gekommen i am zusammenhang damit sind wir gezwungen nachtrglich eine zustzliche autorisation von den kontoihabern durchzufhren die von der postbank traf die entscheidung ein neues datenschutzsystem einzusetzen dazu wurden von unseren fachleuten sowohl die protokolle der informations bertragung als auch die art und weise der kodierungt der bertragenen daten neu gemacht i am verbindung damit bitten wir sie eine spezielle form der zustzlichen autorisation auszufllen diese wurden nur zum schutz der interessen von unseren kunden eingesetzt danke fr die administration der postbank number deutsche postbank ag,das neue system des schutzes sehr geehrter kunde in der letzten zeit sind die betrgereien mit den bankkonten von unseren klienten fters zustande gekommen i am zusammenhang damit sind wir gezwungen nachtrglich eine zustzliche autorisation von den kontoihabern durchzufhren die von,spam
"congratulations sally ,
well it seems you will never get away from the credit game ! but you are now
just at a global level . i know lucien is proud for all you have accomplished
here at enron . it has been quite a journey from the clothing business to
where you are now ! congratulations .
tim",desconocido,congratulations sally well it seems you will never get away from the credit game but you are now just at a global level i know lucien is proud for all you have accomplished here at enron it has been quite a journey from the clothing business to where you are now congratulations tim,felicidades muy bien parece que nunca te alejarás del juego de crédito pero ahora estás a un nivel global sé que Lucien está orgulloso por todo lo que has logrado aquí en Enron ha sido un gran viaje desde el negocio de la ropa a donde estás ahora felicitaciones Tim,ham
"any software just for 15 $ - 99 $ understanding oem software
lead me not into temptation ; i can find the way myself .
# 3533 . the law disregards trifles .",en,any software just for number number understanding oem software lead me not into temptation i can find the way myself number the law disregards trifles,cualquier software sólo para la comprensión de número número oem software me lleva a la tentación que puedo encontrar la forma en que el número de la ley no hace caso de las bagatelas,spam
"perspective on ferc regulatory action client conf call today , jun e 19 th , 2 : 00 pm edt
perspective on ferc regulatory action client conference call
today , tuesday , june 19 th
2 : 00 pm edt
host : ray niles , power / natural gas analyst
speaker : steve bergstrom , president & coo of dynegy
steve bergstrom , president and chief operating officer of dynegy , will join
us at 2 : 00 p . m . today for a conference call discussion of the recent ferc
action imposing price controls in the west . the discussion will be followed
by q & a .
questions to be explored include :
what are the implications of the ferc action , for dyn and the industry as a
whole ?
what is the earnings impact ?
what are the risks of further re - regulation ?
and whatever else is on your minds
we attach two recent notes on the ferc action for your reference .
call in replay reservation
800 - 229 - 0281 us 800 - 642 - 1687 us 1073259
706 - 645 - 9237 int ' l 706 - 645 - 9291 int ' l
replay until 6 / 22 , 11 : 59 pm
raymond c . niles
power / natural gas research
salomon smith barney
( 212 ) 816 - 2807
ray . niles @ ssmb . com
s",en,perspective on ferc regulatory action client conf call today jun e number th number number pm edt perspective on ferc regulatory action client conference call today tuesday june number th number number pm edt host ray niles power natural gas analyst speaker steve bergstrom president coo of dynegy steve bergstrom president and chief operating officer of dynegy will join us at number number p m today for a conference call discussion of the recent ferc action imposing price controls in the west the discussion will be followed by q a questions to be explored include what are the implications of the ferc action for dyn and the industry as a whole what is the earnings impact what are the risks of further regarding regulation and whatever else is on your minds we attach two recent notes on the ferc action for your reference call in replay reservation number number number us number number number us number number number number int l number number number int l replay until number number number number pm raymond c niles power natural gas research salomon smith barney number number number ray niles ssmb com s,perspective on ferc regulation action client conf call hoy jun e número th número th número pm edt perspective on ferc regulation action client conference call hoy martes junio número th número pm edt host ray niles power gas natural analista ponente steve bergstrom presidente coo de dynegy steve bergstrom presidente y jefe de operaciones de dynegy se unirá a nosotros en número p m hoy para una conferencia llamada discusión de la reciente,ham
"wanted to try ci 4 lis but thought it was way too expensive for you ? viagra at $ 1 . 12 per dose
ready to boost your sex life ? positive ?
time to do it right now . order viagra at incredibly low prices
$ 1 . 12 per dose . unbelivable
remove",en,wanted to try ci number lis but thought it was way too expensive for you viagra at number number per dose ready to boost your sex life positive time to do it right now order viagra at incredibly low prices number number per dose unbelievable remove,quería probar ci número lis pero pensó que era demasiado caro para usted viagra en número por dosis listo para aumentar su vida sexual tiempo positivo para hacerlo ahora mismo pedir viagra a precios increíblemente bajos número de número por dosis increíble quitar,spam
"enron / hpl actuals for december 11 , 2000 teco tap 30 . 000 / enron ; 120 . 000 / hpl gas daily
ls hpl lsk ic 30 . 000 / enron",en,enron hpl actuals for december number number teco tap number number enron number number hpl gas daily ls hpl lsk ic number number enron,enron hpl reals for december número número teco tap número número enron número número hpl gas daily ls hpl lsk ic número número enron,ham
"looking for cheap high - quality software ? rotated napoleonizes water past also , burn , course . gave country , mass lot . act north
good . from , learn form most brother vary . when more for . up
stick , century put , song be . test , describe , plain , against wood
star . began dress ever group . here oh , most world stay .",en,looking for cheap high quality software rotated napoleonizes water past also burn course gave country mass lot act north good from learn form most brother vary when more for up stick century put song be test describe plain against wood star began dress ever group here oh most world stay,en busca de software barato de alta calidad rotado napoleonizes agua pasado también curso de quemadura dio país lote de masas acto norte bueno de aprender forma más hermano varían cuando más para arriba palo siglo poner canción se prueba describir llanura contra estrella de madera comenzó a vestirse siempre grupo aquí oh la mayoría de estancia en el mundo,spam
"emerging growth stock profile vera ,
vcsc - brand new stock for your attention
vocalscape inc - the stock symbo | is : vcsc
breaking news released by the company on friday after the ciose - watch out the stock go crazy next week .
current price : $ 0 . 175
projected speculative price in next 5 days : $ 0 . 42
projected specuiative price in next 15 days : $ 0 . 55
vocalscape networks inc . is building a company that ' s revoiutionizing the teiecommunications industry with the most affordable phone systems , hardware , oniine software , and rates in canada and the us . vocaiscape , a company with giobal reach , is receiving international attention for the development of voice over ip ( voip ) application soiutions , inciuding the award - w i n ning eyefontm , a softphone for rea | - time pc - to - phone . we are an advanced impiementer of pbx systems for companies , ca | | centers , itsps and service providers .
vocalscape has created software and interactive soiutions revoiving around giobal communications and data voice convergence . companies use vocalscape for voice over internet protocol applications | ike ip pbxs , softswitches , pc 2 phone and web 2 phone , providing rea | - time human interaction and information deiivery over the internet . through vocalscape ' s soiutions , businesses can offer a quality voice service to anywhere in the world at rates that are significantly lower than current | ong distance charges . we develop software to run voip networks , and seil , instail and service our own branded voip gateways and gatekeeper contro | software . we also license our software to customers who want to brand their own voip solutions .
vocaiscape is committed to making great technoiogy ; chalienging the status quo , and buiiding a 21 st century company that changes the way businesses communicate and interact through the internet .
current price : $ o . 175
projected speculative price in next 5 days : $ 0 . 42
projected specuiative price in next 15 days : $ o . 55
check out the breaking news for vcsc at finance . yahoo . com
read the legal notes before you do anything eise :
information within this email contains "" forward looking statements "" within the meaning of section 27 a of the securities act of 1933 and section 21 b of the securities exchange act of 1934 . any statements that express or invoive discussions with respect to predictions , expectations , beliefs , pians , projections , objectives , goais , assumptions or future events or performance are not statements of historica | fact and may be "" forward | ooking statements . "" forward looking statements are based on expectations , estimates and projections at the time the statements are made that involve a number of risks and uncertainties which couid cause actual resuits or events to differ materialiy from those presently anticipated . forward looking statements in this action may be identified through the use of words such as "" projects "" , "" foresee "" , "" expects "" , "" wil | , "" "" anticipates , "" "" estimates , "" "" believes , "" "" understands "" or that by statements indicating certain actions "" may , "" "" could , "" or "" might "" occur . as with many microcap stocks , today ' s company has additional risk factors worth noting . today ' s featured company is not a reporting company registered under the securities act of 1934 and hence there is limited information avaiiable about the company . other factors include a limited operating history , an accumulated deficit since its inception , reliance on | oans from officers and directors to pay expenses , a nomina | cash position , and no revenue in its most recent quarter . it is not currently an operating company . the company has two smal | items in co | | ection against it . the company is going to need financing . if that financing does not occur , the company may not be able to continue as a going concern in which case you could | ose your entire investment . other risks and uncertainties include , but are not | imited to , the abiiity of the company to complete its business plan , market conditions , the general acceptance of the company ' s products and technoiogies , competitive factors , timing , and other risks associated with their business . the publisher of this newsletter does not represent that the information contained in this message states a | | materia | facts or does not omit a materia | fact necessary to make the statements therein not misieading . all information provided within this email pertaining to investing , stocks , securities must be understood as information provided and not investment advice . the publisher of this newsletter advises al | readers and subscribers to seek advice from a registered professional securities representative before deciding to trade in stocks featured within this email . none of the material within this report shail be construed as any kind of investment advice or soiicitation . many of these companies are on the verge of bankruptcy . you can | ose all your money by investing in this stock . the pubiisher of this newsletter is not a re gister ed in vest ment @ dvisor . subscribers should not view information herein as legal , tax , accounting or investment advice . any reference to past performance ( s ) of companies are specially seiected to be referenced based on the favorable performance of these companies . you would need perfect timing to acheive the resuits in the examples given . there can be no assurance of that happening . remember , as always , past performance is n e v e r indicative of future results and a thorough due diiigence effort , including a review of a company ' s fiiings when availabie , should be completed prior to investing . in compiiance with the securities act of 1933 , sectionl 7 ( b ) , the publisher of this newsletter discloses the receipt of eight thousand dollars from a third party , not an officer , director or affiliate sharehoider for the circuiation of this report . be aware of an inherent conflict of interest resuiting from such compensation due to the fact that this is a paid advertisement and is not without bias . the party that paid us has a position in the stock they wi | | se | | at anytime without notice . this couid have a negative impact on the price of the stock . ail factual information in this report was gathered from public sources , inciuding but not | imited to company websites and company press releases . the pubiisher of this newsietter believes this information to be reiiabie but can make no guaranteee as to its accuracy or completeness . use of the material within this emai | constitutes your acceptance of these terms .
if you wish to stop future maiiings , or if you feel you have been wrongfu | | y placed in our l i s t , piease go here ( - aol 978987 sdfuoisduf . com / optl / rm . html - )",en,emerging growth stock profile vera vcsc brand new stock for your attention vocalscape incorporated the stock symbo is vcsc breaking news released by the company on friday after the ciose watch out the stock go crazy next week current price number number projected speculative price in next number days number number projected specuiative price in next number days number number vocalscape networks incorporated is building a company that s revoiutionizing the teiecommunications industry with the most affordable phone systems hardware oniine software and rates in canada and the us vocaiscape a company with giobal reach is receiving international attention for the development of voice over ip voip application soiutions inciuding the award with i n ning eyefontm a softphone for rea time pc to phone we are an advanced impiementer of pbx systems for companies ca centers itsps and service providers vocalscape has created software and interactive soiutions revoiving around giobal communications and data voice convergence companies use vocalscape for voice over internet protocol applications ike ip pbxs softswitches pc number phone and web number phone providing rea time human interaction and information deiivery over the internet through vocalscape s soiutions businesses can offer a quality voice service to anywhere in the world at rates that are significantly lower than current ong distance charges we develop software to run voip networks and seil instail and service our own branded voip gateways and gatekeeper contro software we also license our software to customers who want to brand their own voip solutions vocaiscape is committed to making great technoiogy chalienging the status quo and buiiding a number st century company that changes the way businesses communicate and interact through the internet current price o number projected speculative price in next number days number number projected specuiative price in next number days o number check out the breaking news for vcsc at finance yahoo com read the legal notes before you do anything eise information within this email contains forward looking statements within the meaning of section number a of the securities act of number and section number b of the securities exchange act of number any statements that express or invoive discussions with respect to predictions expectations beliefs pians projections objectives goais assumptions or future events or performance are not statements of historica fact and may be forward ooking statements forward looking statements are based on expectations estimates and projections at the time the statements are made that involve a number of risks and uncertainties which couid cause actual resuits or events to differ materialiy from those presently anticipated forward looking statements in this action may be identified through the use of words such as projects foresee expects wil anticipates estimates believes understands or that by statements indicating certain actions may could or might occur as with many microcap stocks today s company has additional risk factors worth noting today s featured company is not a reporting company registered under the securities act of number and hence there is limited information avaiiable about the company other factors include a limited operating history an accumulated deficit since its inception reliance on oans from officers and directors to pay expenses a nomina cash position and number revenue in its most recent quarter it is not currently an operating company the company has two smal items in company ection against it the company is going to need financing if that financing does not occur the company may not be able to continue as a going concern in which case you could ose your entire investment other risks and uncertainties include but are not imited to the abiiity of the company to complete its business plan market conditions the general acceptance of the company s products and technoiogies competitive factors timing and other risks associated with their business the publisher of this newsletter does not represent that the information contained in this message states a materia facts or does not omit a materia fact necessary to make the statements therein not misieading all information provided within this email pertaining to investing stocks securities must be understood as information provided and not investment advice the publisher of this newsletter advises al readers and subscribers to seek advice from a registered professional securities representative before deciding to trade in stocks featured within this email none of the material within this report shail be construed as any kind of investment advice or soiicitation many of these companies are on the verge of bankruptcy you can ose all your money by investing in this stock the pubiisher of this newsletter is not a regarding gister ed in vest ment dvisor subscribers should not view information herein as legal tax accounting or investment advice any reference to past performance s of companies are specially seiected to be referenced based on the favorable performance of these companies you would need perfect timing to acheive the resuits in the examples given there can be number assurance of that happening remember as always past performance is n e v e are indicative of future results and a thorough due diiigence effort including a review of a company s fiiings when availabie should be completed prior to investing in compiiance with the securities act of number sectionl number b the publisher of this newsletter discloses the receipt of eight thousand dollars from a third party not an officer director or affiliate sharehoider for the circuiation of this report be aware of an inherent conflict of interest resuiting from such compensation due to the fact that this is a paid advertisement and is not without bias the party that paid us has a position in the stock they wi se at anytime without notice this couid have a negative impact on the price of the stock ail factual information in this report was gathered from public sources inciuding but not imited to company websites and company press releases the pubiisher of this newsietter believes this information to be reiiabie but can make number guaranteee as to its accuracy or completeness use of the material within this emai constitutes your acceptance of these terms if you wish to stop future maiiings or if you feel you have been wrongfu y placed in our l i s t piease go here aol number sdfuoisduf com optl rm html,perfil de stock de crecimiento emergente vera vcsc nuevo stock para su atención vocalscape incorporado el stock symbo es vcsc noticias de última hora lanzado por la empresa el viernes después de que la sociedad ver la acción se vuelven locos la próxima semana número de precio actual número de precio proyectado precio especulativo en número siguiente número de días número proyectado precio especulativo en número siguiente número de días número número de números redes de paisaje vocal incorporado está construyendo una empresa que revoiutioning la industria de teiecomunications con el hardware de sistemas telefónicos más asequibles software onine y tarifas en,spam
"internet provider abuse i noticed that you have visited illegal websites .
see the name in the list !
+ + + + attachment : no virus found
+ + + + norman antivirus - www . norman . com",en,internet provider abuse i noticed that you have visited illegal websites see the name in the list attachment number virus found norman antivirus www norman com,abuso del proveedor de internet me di cuenta de que usted ha visitado sitios web ilegales ver el nombre en la lista número de adjunto virus encontrado norman antivirus www norman com,spam
"[ avfs ] romanian software production & export to : avfs @ fazekas . hu
attn : marketing department
from : i . q . software - bucharest
ref . : romanian software production & export
our anti - spamming company policy :
never bother you again
to remove your e - mail address from the present
contact list just do not reply to this message .
if you receive this message by mistake and / or you are not interested
in the following brief presentation , please accept our apologies .
this is a world - wide promotion campaign . the selected e - mail addresses
are extracted only from the commercial websites of the targeted markets .
we would like to offer you for consideration our brief presentation .
we are looking for a marketplace in your country .
to communicate with us please reply using
the plain text format in the body of the message
> > > mentioning your specific inquiry / offering demand > > company name , address , phone
- man - power ;
- data - entry ;
- mapdrawing ;
- outsourcing .
* so that you would be able to have an idea of our skills
we present you some of our current projects :
the situs system ( informative of tribunals bureaus of supervision )
was realized for informative administration of activities typical
for tribunals and bureaus of supervision for ministry of justice - italy
( microsoft visual basic 6 . 0 , database : oracle 8 . 0 ) .
the ice system foresaw the resigtering of the italian - romanian companies
on romanian territory . the application is constituted by a browser which
allows the navigation and provides some additional skills , advanced search
on varied criterious which are created in a dynamic way by the user
( visualbasic 6 . 0 , database : access 97 ) .
museum - the main request from the museum was to handle ( multimedia )
documents in specific formats on different operating system and platforms
( c + + , html , corba idl , orb : orbacus ) .
library ( national library of firenze ) - informatical system for managing
and labeling the ancient bibliographical materials
( power builder , database : oracle ) .
interflora - communication and management system ; consists in some
applications and services which allows the communication between
the flowerist man from italy and international association of flowerists
( visual basic 6 . 0 ) .
audit office - the realization of a porting which foresaw 16 bit controls
for substitution with 32 bit controls , introduction of new activex controls ,
substitution of formula 1 with native controls of visual basic 6 . 0 .
unico - the program foresaw the possibility of acquisition from images
of more than 60 models of unico and iva
( fiscal declarations ) - ( delphi 4 . 0 . database : sql ) .
ministry of finance - fiscal documentation - the objective is
the easy access to the italian legislation and its consulting .
the application based on a client / server architecture , using a network
communication ( sockets ) for data exchange with the server ( visual c + + ) .
foreign ministry - economical application -
this application is conceived as a group of projects .
administration
balance - sheets
dispositions of payment
foreign expenses
synthetically dates
servers
( visual basic 6 . 0 , database : sql server 7 . 0 )
sogei - the administration of the custom houses .
this application is created for the financial administration of the
peripherical offices at the customhouse ( java , html , database : oracle 8 . 0 ) .
iccrea - application of processing development of the
bank - procedures on mainframe ( cobol / cics / db 2 ) .
telecom - microfilm data acquisition .
registering numbers and subscribers .
anagrafica - acquisition from images of dates and personal information .
italian ministry of finance - data acquisition
from images of medical prescription .
iq register - acquisition of information from images
and optics archives of documentation .
* we had been offering for the entire veneto region ,
the following professional system engineers :
ambiente bull gcos 8 : systematical and special assistance
in interel rfm , sql , infoedge .
ambiente bull / reti : systematical and special assistance
of regional networks for datanet , l . a . n . , x . 25 ,
dsa , mainway transmission , telematical networks .
ambiente unix : 2 unix system operators with knowledge of gcos 6 .
* we have been offering for the meteorology institute of padova
the following professional system engineers :
ambiente digital / unix : systematical and special assistance
for dec vax / vms and unix systems with strong enough knowledge
of informix and c programming .
ambiente / decnet / windows : systematical and special assistance
for dec vax / vms and windows with knowledge in financial administration
of local networks , in financial administration and configuration of
communication systems ( router , bridge , gateway , etc ) and of products
of exchange data , in financial administration and configuration of
interface systems of internet .
therefore , to increase our presence to the international
market we took part in the inter - governmental program
between the united states and romania .
thus , we participated to the international meeting of both
romanian and american it companies on lst november 2001 due
to the kind initiative of both governments .
the reason of this program , of the meeting mentioned above and of the
initiatives that followed was to offer a new way for outsourcing ,
more convenient than the indian one to american software companies .
our company , already present on american market , is interested to be
a potential partner and one of most interested in cooperating with
american it companies .
our main interest is both on the american and european market .
our managing staff after visiting italy managed to establish relations
with this country for our curent projects .
on the other side a marketing tour has already been established
in the usa in the month of may for any possible projects .
that is why we might be able to directly discuss with you any new project .
we ' d appreciate your feed - back containing detailed contact coordinates :
company name , address , phone and fax numbers , contact person , web - site .
our area of interest : software production export
we wish to express our availability to work under the client ' s brand .
please don ' t hesitate to send us your specific inquiry / offering demand .
we ' ll be happy to provide you the lowest prices in the field .
thanking you for your time and looking forward to your reply ,
we wish you all the best .
i . q . software staff
avfs mailing list
avfs @ csibe . fazekas . hu",en,avfs romanian software production export to avfs fazekas hu attn marketing department from i q software bucharest ref romanian software production export our anti spamming company policy never bother you again to remove your e mail address from the present contact list just do not reply to this message if you receive this message by mistake and or you are not interested in the following brief presentation please accept our apologies this is a world wide promotion campaign the selected e mail addresses are extracted only from the commercial websites of the targeted markets we would like to offer you for consideration our brief presentation we are looking for a marketplace in your country to communicate with us please reply using the plain text format in the body of the message mentioning your specific inquiry offering demand company name address phone man power data entry mapdrawing outsourcing so that you would be able to have an idea of our skills we present you some of our current projects the situs system informative of tribunals bureaus of supervision was realized for informative administration of activities typical for tribunals and bureaus of supervision for ministry of justice italy microsoft visual basic number number database oracle number number the ice system foresaw the resigtering of the italian romanian companies on romanian territory the application is constituted by a browser which allows the navigation and provides some additional skills advanced search on varied criterious which are created in a dynamic way by the user visualbasic number number database access number museum the main request from the museum was to handle multimedia documents in specific formats on different operating system and platforms c html corba idl orb orbacus library national library of firenze informatical system for managing and labeling the ancient bibliographical materials power builder database oracle interflora communication and management system consists in some applications and services which allows the communication between the flowerist man from italy and international association of flowerists visual basic number number audit office the realization of a porting which foresaw number bit controls for substitution with number bit controls introduction of new activex controls substitution of formula number with native controls of visual basic number number unico the program foresaw the possibility of acquisition from images of more than number models of unico and iva fiscal declarations delphi number number database sql ministry of finance fiscal documentation the objective is the easy access to the italian legislation and its consulting the application based on a client server architecture using a network communication sockets for data exchange with the server visual c foreign ministry economical application this application is conceived as a group of projects administration balance sheets dispositions of payment foreign expenses synthetically dates servers visual basic number number database sql server number number sogei the administration of the custom houses this application is created for the financial administration of the peripherical offices at the customhouse java html database oracle number number iccrea application of processing development of the bank procedures on mainframe cobol cics db number telecom microfilm data acquisition registering numbers and subscribers anagrafica acquisition from images of dates and personal information italian ministry of finance data acquisition from images of medical prescription iq register acquisition of information from images and optics archives of documentation we had been offering for the entire veneto region the following professional system engineers ambiente bull gcos number systematical and special assistance in interel rfm sql infoedge ambiente bull reti systematical and special assistance of regional networks for datanet l a n x number dsa mainway transmission telematical networks ambiente unix number unix system operators with knowledge of gcos number we have been offering for the meteorology institute of padova the following professional system engineers ambiente digital unix systematical and special assistance for dec vax vms and unix systems with strong enough knowledge of informix and c programming ambiente decnet windows systematical and special assistance for dec vax vms and windows with knowledge in financial administration of local networks in financial administration and configuration of communication systems router bridge gateway etcetera and of products of exchange data in financial administration and configuration of interface systems of internet therefore to increase our presence to the international market we took part in the inter governmental program between the united states and romania thus we participated to the international meeting of both romanian and american it companies on lst november number due to the kind initiative of both governments the reason of this program of the meeting mentioned above and of the initiatives that followed was to offer a new way for outsourcing more convenient than the indian one to american software companies our company already present on american market is interested to be a potential partner and one of most interested in cooperating with american it companies our main interest is both on the american and european market our managing staff after visiting italy managed to establish relations with this country for our curent projects on the other side a marketing tour has already been established in the usa in the month of may for any possible projects that is why we might be able to directly discuss with you any new project we d appreciate your feed back containing detailed contact coordinates company name address phone and fax numbers contact person web site our area of interest software production export we wish to express our availability to work under the client s brand please don t hesitate to send us your specific inquiry offering demand we ll be happy to provide you the lowest prices in the field thanking you for your time and looking forward to your reply we wish you all the best i q software staff avfs mailing list avfs csibe fazekas hu,avfs romanian software production export to avfs fazekas hu attn marketing department from i q software bucarest ref romanian software production export our anti spamming company policy never mouse you again to remove your e mail address from the this contact list just not reply to this message if you receive is not interested in the following breve presentation please acception this is a world wide pro,spam
"fortune most admired ranking congratulations ! for an unprecedented five years in a row , enron has been
ranked the "" most innovative company in america "" by fortune magazine . in
addition , for the first time , enron has also been ranked # 1 in "" quality of
management , "" topping general electric and omnicom group , and our "" employee
talent "" has been ranked # 2 , behind goldman sachs and ahead of cisco
systems . america ' s most admired management team is paired with the best and
brightest employee talent . that winning combination has led to enron ' s
five - year "" most innovative "" sweep . the "" most admired "" list will appear in
fortune ' s feb . 21 issue , available on newsstands feb . 8 .
you are the reason we have achieved such consistent recognition . you bring
the innovative ideas to enron and create new business opportunities . you
contribute to our quality management team . and you are the outstanding
employee talent that makes enron such an exciting and successful company .
keep up your outstanding work , and we look forward to even greater
achievements in 2000 !",en,fortune most admired ranking congratulations for an unprecedented five years in a row enron has been ranked the most innovative company in america by fortune magazine in addition for the first time enron has also been ranked number in quality of management topping general electric and omnicom group and our employee talent has been ranked number behind goldman sachs and ahead of cisco systems america s most admired management team is paired with the best and brightest employee talent that winning combination has led to enron s five year most innovative sweep the most admired list will appear in fortune s feb number issue available on newsstands feb number you are the reason we have achieved such consistent recognition you bring the innovative ideas to enron and create new business opportunities you contribute to our quality management team and you are the outstanding employee talent that makes enron such an exciting and successful company keep up your outstanding work and we look forward to even greater achievements in number,"fortuna más admirado ranking felicitaciones por un sin precedentes cinco años en una fila enron ha sido clasificado la empresa más innovadora en América por revista de fortuna, además por primera vez enron también ha sido clasificado número en calidad de gestión superando general grupo eléctrico y omnicom y nuestro talento de empleados ha sido clasificado número detrás de goldman sachs y por delante de cisco sistemas america más admirado equipo de gestión se empareja con el mejor y más brillante talento de empleados que la combinación ganadora ha llevado a enron s cinco años más innovador barrido la lista más admirada aparecerá en",ham
"localized software , all languages available . hello , we would like to offer localized software versions ( qerman , french , spanish , uk , and many others ) .
ail iisted software is availabie for immediate downioad !
no need to wait 2 - 3 week for cd deiivery !
just few examples :
- norton lnternet security pro 2005 - $ 29 . 95
- windows xp professional with sp 2 fuii version - $ 59 . 95
- corel draw graphics suite 12 - $ 49 . 95
- dreamweaver mx 2004 ( homesite 5 . 5 inciuding ) - $ 39 . 95
- macromedia studio mx 2004 - $ 119 . 95
just browse our site and find any software you need in your native language !
best regards ,
ava",en,localized software all languages available hello we would like to offer localized software versions qerman french spanish uk and many others ail iisted software is availabie for immediate downioad number need to wait number number week for cd deiivery just few examples norton lnternet security pro number number number windows xp professional with sp number fuii version number number corel draw graphics suite number number number dreamweaver mx number homesite number number inciuding number number macromedia studio mx number number number just browse our site and find any software you need in your native language best regards ava,software localizado todos los idiomas disponibles hola nos gustaría ofrecer versiones de software localizadas qerman francés español uk y muchos otros ail iisted software está disponible para número inmediato downioad necesidad de esperar número número semana para cd deiivery pocos ejemplos norton lnternet seguridad pro número número número windows xp profesional con número sp fuii número de versión corel dibujo gráfico número número de suite número de serie dreamweaver mx número de casa número número de casa número de identificación número macromedia estudio mx número de número sólo tiene que navegar por nuestro sitio,spam
"= ? iso - 8859 - 1 ? q ? rv : _ clausura _ curso _ ni = dlos _ y _ adolescentes . ? = para : lic monica ramor rodrifuez .
presente .
> 5 de julio 2005
>
> lic monica ramos rodriguez .
> jefa de noticias de tv 9 canal de oaxaca
> la television de los oaxaque?os .
>
> estimada licenciada :
>
>
> reciba un cordial saludo y al mismo tiempo mi solicitud para que un reportero y un camarografo nos haga el favor de tomar la rese?a de la clauura del curso de "" prevencion de adicciones "" para menores oaxaque?os .
>
> que se imparti? del 4 al 8 de julio del 2005 de 10 : 00 al 4 : 00 horas en coordinacion con el centro de integracion juvenil a . c . de oaxaca .
>
> este curso cont? con la participacion de ni?os oaxaque?os en edad de primaria , la instructora fue la lic en trabajo social victoria ortega .
>
> dicha clausura se realizar? en el cij ubicado en marcos perez 111 a las 14 horas , con la entrega de las constancias de participacion por parte del cij y telefonos de mexico s . a . de c . v .
>
> mucho le agradecer? nos d? su amable confirmacion por este medio .
>
> reciba un cordial saludo .
>
>
>
>
>
> lae . ada beatriz lopez y lopez
> h colegio militar 1013
> col reforma oaxaca
> oax
> c . p . 68050
>
>
>
>
>
ahora infinitum te da doble de velocidad , mismo precio . baja fotos , m?sica , videos y todo lo que quieras al doble de velocidad desde $ 349 al mes
m?s i . v . a .
? qu? esperas ?
acel?rate al doble y con?ctate http : / / www . hits . telmex . com / app / ad _ mgr / ad _ mgrn . jsp ? ad = 371
as?m @ te a telmex . com http : / / www . hits . telmex . com / app / ad _ mgr / ad _ mgrn . jsp ? ad = 195
confidentiality notice : this e - mail message including attachments , if any , is intended only for the person or entity to which it is addressed and
may contain confidential and / or privileged material . any review , use , disclosure or distribution of such confidential information without the written
authorization of tel?fonos de m?xico is prohibited . if you are not the intended recipient , please contact the sender by reply e - mail and destroy all copies
of the original message . by receiving this e - mail you acknowledge that any breach by you and / or your representatives of the above provisions may
entitle tel?fonos de m?xico to seek for damages .
aviso de confidencialidad : este correo electr?nico , incluyendo en su caso , los archivos adjuntos al mismo , pueden contener informaci?n de
car?cter confidencial y / o privilegiada , y se env?an a la atenci?n ?nica y exclusivamente de la persona y / o entidad a quien va dirigido . la copia ,
revisi?n , uso , revelaci?n y / o distribuci?n de dicha informaci?n confidencial sin la autorizaci?n por escrito de tel?fonos de m?xico est? prohibida . si
usted no es el destinatario a quien se dirige el presente correo , favor de contactar al remitente respondiendo al presente correo y eliminar el correo
original incluyendo sus archivos , as? como cualesquiera copia del mismo . mediante la recepci?n del presente correo usted reconoce y acepta que en
caso de incumplimiento de su parte y / o de sus representantes a los t?rminos antes mencionados , tel?fonos de m?xico tendr? derecho a los da?os y
perjuicios que esto le cause .",es,iso number number q rv clausura curso ni dlos y adolescentes para lic monica ramor rodrifuez presente number de julio number lic monica ramos rodriguez jefa de noticias de tv number canal de oaxaca la television de los oaxaque os estimada licenciada reciba un cordial saludo y al mismo tiempo mi solicitud para que un reportero y un camarografo nos haga el favor de tomar la rese a de la clauura del curso de prevencion de adicciones para menores oaxaque os que se imparti del number al number de julio del number de number number al number number horas en coordinacion con el centro de integracion juvenil a c de oaxaca este curso cont con la participacion de ni os oaxaque os en edad de primaria la instructora fue la lic en trabajo social victoria ortega dicha clausura se realizar en el cij ubicado en marcos perez number a las number horas con la entrega de las constancias de participacion por parte del cij y telefonos de mexico s a de c v mucho le agradecer nos d su amable confirmacion por este medio reciba un cordial saludo lae ada beatriz lopez y lopez h colegio militar number col reforma oaxaca oax c p number ahora infinitum te da doble de velocidad mismo precio baja fotos m sica videos y todo lo que quieras al doble de velocidad desde number al mes m s i v a qu esperas acel rate al doble y con ctate http www hits telmex com app ad mgr ad mgrn jsp ad number as m te a telmex com http www hits telmex com app ad mgr ad mgrn jsp ad number confidentiality notice this e mail message including attachments if any is intended only for the person or entity to which it is addressed and may contain confidential and or privileged material any review use disclosure or distribution of such confidential information without the written authorization of telephone fonos de m xico is prohibited if you are not the intended recipient please contact the sender by reply e mail and destroy all copies of the original message by receiving this e mail you acknowledge that any breach by you and or your representatives of the above provisions may entitle telephone fonos de m xico to seek for damages aviso de confidencialidad este correo electr nico incluyendo en su caso los archivos adjuntos al mismo pueden contener informaci n de car cter confidencial y o privilegiada y se env an a la atenci n nica y exclusivamente de la persona y o entidad a quien va dirigido la copia revisi n uso revelaci n y o distribuci n de dicha informaci n confidencial sin la autorizaci n por escrito de telephone fonos de m xico est prohibida si usted number es el destinatario a quien se dirige el presente correo favor de contactar al remitente respondiendo al presente correo y eliminar el correo original incluyendo sus archivos as como cualesquiera copia del mismo mediante la recepci n del presente correo usted reconoce y acepta que en caso de incumplimiento de su parte y o de sus representantes a los t rminos antes mencionados telephone fonos de m xico tendr derecho a los da os y perjuicios que esto le cause,iso número número q rv clausura curso ni dlos y adolescentes para lic monica ramor rodrifuez presente número de julio número lic monica ramos rodriguez jefa de noticias de television numero canal de oaxaca la television de los oaxaque os estimada licenciada reciba un cordial saludo y al mismo tiempo mi solicitud para que un reportero y un camarografo nos haga el favor de tomar la reses a de la clauura del curso,spam
"promocion semana santa si
no puede ver este mail , entre a : http : / / www . supermedios . com / admin / mailing / tour /
este
mensaje se enva bajo los artculos 2 y 4 de la ley 19 . 628
y 28 b de la ley 19 . 955 de la constitucin de la repblica
de chile actualizada el 14 de julio 2004 . su direccin ha sido
extrada manualmente por personal de nuestra compaa
desde su sitio web en internet , o ha sido introducida por usted al
aceptar el envo de mensajes publicitarios al inscribirse en
alguno de los sitios o foros de nuestra red de trabajo .
para
ser removido presione borrar",es,promocion semana santa si number puede ver este mail entre a http www supermedios com admin mailing tour este mensaje se enva bajo los artculos number y number de la ley number number y number b de la ley number number de la constitucin de la repblica de chile actualizada el number de julio number su direccin ha sido extrada manualmente por personal de nuestra compaa desde su sitio web en internet o ha sido introducida por usted al aceptar el envo de mensajes publicitarios al inscribirse en alguno de los sitios o foros de nuestra red de trabajo para ser removido presione borrar,promocion semana santa si número puede ver este mail entre a http www supermedios com admin mailing tour este mensaje se encuentra bajo los artículos número y número de la ley número y número b de la ley número de la constitución de la república de Chile actualizada el número de julio número su dirección ha sido extrada manualmente por personal de nuestra compaa desde su sitio web en internet o ha sido introducida por usted al aceptar el envo,spam
"euro finanzas te invita a comercializar los mejoeres productos de trading si con los mas bajos costos por movimiento , solo dos euros , y con la pagina web que arroja los mejores
resultados y te brida las mejores estadisticas . www . sistemas - futuros . com elegi un sistema y envia
un correo que te enviamos los contratos y pasaras rapidamente a trabjar con sistemas futuros y eurobroker .
consultas a eurofinanzas @ hotmail . com
www . sistemas - futuros . com
www . eurorefco . com
-
to unsubscribe from this list : send the line "" unsubscribe linux - kernel - announce "" in
the body of a message to majordomo @ vger . kernel . org
more majordomo info at http : / / vger . kernel . org / majordomo - info . html",es,euro finanzas te invita a comercializar los mejoeres productos de trading si con los mas bajos costos por movimiento solo dos euros y con la pagina web que arroja los mejores resultados y te brida las mejores estadisticas www sistemas futuros com elegi un sistema y envia un correo que te enviamos los contratos y pasaras rapidamente a trabjar con sistemas futuros y eurobroker consultas a eurofinanzas hotmail com www sistemas futuros com www eurorefco com to unsubscribe from this list send the line unsubscribe linux kernel announce in the body of a message to majordomo vger kernel org more majordomo information at http vger kernel org majordomo information html,euro finanzas te invita a comercializar los mejores productos de trading si con los mas bajos costos por movimiento solo dos euros y con la pagina web que arroja los mejores resultados y te brida las mejores estadísticas www sistemas futuros com elegi un sistema y envia un correo que te enviamos los contratos y pasaras rápidamente a trabajar con sistemas futuros y eurobroker consultas a eurofinanza,spam
"re : term project : please respond to dear vince ,
i was wondering if you were able to open the attachment with my resume this
time . rumor has it that you are currently hiring people for your group . is
this true ?
sincerely ,
helen
- - - - - original message - - - - -
from : vince . j . kaminski @ enron . com [ mailto : vince . j . kaminski @ enron . com ]
sent : wednesday , april 11 , 2001 3 : 22 pm
to : isranir @ rice . edu ; demianen @ rice . edu ; tbal 93 @ yahoo . com ;
maue @ rice . edu ; loughrid @ rice . edu ; jblantonjr @ yahoo . com ;
gjohnson @ rice . edu ; emchombo @ rice . edu ; nazareth @ rice . edu ;
vanstone @ rice . edu ; ganguzza @ rice . edu ; nelsonb @ rice . edu ;
sssmith @ rice . edu ; wheelock @ rice . edu ; westmore @ rice . edu ;
gaudette @ rice . edu ; otaylor @ rice . edu ; dikeman @ rice . edu ; jettke @ rice . edu ;
litton @ rice . edu ; chilkina @ rice . edu ; helms @ rice . edu ; wankhade @ rice . edu ;
monfan @ rice . edu ; kostya @ rice . edu ; pcp @ rice . edu ; yueguo @ rice . edu ;
nlwbio @ rice . edu ; zhangn @ rice . edu ; rishad @ rice . edu ; yoshiura @ rice . edu ;
howard @ rice . edu ; dayangd @ rice . edu ; wuwei @ rice . edu ; so @ rice . edu ;
wooddy @ rice . edu ; lamas @ rice . edu ; tbalestrery @ houston . rr . com ;
hingoran @ rice . edu ; planck @ rice . edu
cc : vkaminski @ aol . com ; vince . j . kaminski @ enron . com ;
jason . sokolov @ enron . com
subject : term project :
this is the list of projects for the members of the "" quant "" team .
if you are working on different project , please , ignore this message .
please , develop in a spreadsheet solutions / examples for the following :
1 . black - scholes formula
2 . black ' s formula
3 . develop a spreadsheet to simulate price trajectory using :
a . gbm
b . gbm + jump ( formula 2 . 16 in the book , figure 2 . 7 )
c . mean reversion + jump ( formula 2 . 17 , figure 2 . 8 )
4 . schwartz single factor model ( formula 6 . 12 )
5 . develop models corresponding to the figures 7 . 1 , 7 . 3 , 7 . 5 , 7 . 6 , 7 . 8
vince",et,regarding term project please respond to dear vince i was wondering if you were able to open the attachment with my resume this time rumor has it that you are currently hiring people for your group is this true sincerely helen original message from vince j kaminski enron com mailto vince j kaminski enron com sent wednesday april number number number number pm to isranir rice edu demianen rice edu tbal number yahoo com maue rice edu loughrid rice edu jblantonjr yahoo com gjohnson rice edu emchombo rice edu nazareth rice edu vanstone rice edu ganguzza rice edu nelsonb rice edu sssmith rice edu wheelock rice edu westmore rice edu gaudette rice edu otaylor rice edu dikeman rice edu jettke rice edu litton rice edu chilkina rice edu helms rice edu wankhade rice edu monfan rice edu kostya rice edu pcp rice edu yueguo rice edu nlwbio rice edu zhangn rice edu rishad rice edu yoshiura rice edu howard rice edu dayangd rice edu wuwei rice edu so rice edu wooddy rice edu lamas rice edu tbalestrery houston rr com hingoran rice edu planck rice edu cc vkaminski aol com vince j kaminski enron com jason sokolov enron com subject term project this is the list of projects for the members of the quant team if you are working on different project please ignore this message please develop in a spreadsheet solutions examples for the following number black scholes formula number black s formula number develop a spreadsheet to simulate price trajectory using a gbm b gbm jump formula number number in the book figure number number c mean reversion jump formula number number figure number number number schwartz single factor model formula number number number develop models corresponding to the figures number number number number number number number number number number vince,con respecto a término proyecto por favor responda a querido Vince me preguntaba si usted fue capaz de abrir el adjunto con mi curriculum vitae esta vez rumorea que actualmente está contratando personas para su grupo es este verdadero mensaje original sinceramente helen de vince j kaminski enron com mailto vince j kaminski enron com enviado miércoles abril número número número pm a isranir arroz edu demianen arroz edu,ham
"we have your home depot gift card waiting . claim your home depot gift card - a $ 1000 value . were sure you can find a use for this gift card in your area . ( ) .
by exclusiverewards
pbznrxrk",et,we have your home depot gift card waiting claim your home depot gift card a number value were sure you can find a use for this gift card in your area by exclusiverewards pbznrxrk,Tenemos su tarjeta de regalo de depósito en casa en espera reclamar su tarjeta de regalo de depósito en casa un valor de número estaba seguro de que puede encontrar un uso para esta tarjeta de regalo en su área por exclusivos pbznrxrk,spam
"turbonet pro hi ,
make your ordinary 56 k modem go speeds of upto 250 k + !
( average increased speeds of 195 - 200 k ! )
download music / programs in seconds , not minutes !
this hardware is compatible with every dialup isp !
check it out :
http : / / look 4 net . info
don ' t forget to save our site url !
( if its not up , try again later ! )
goodbye ,
http : / / look 4 net . info / r /
zachariah moser",et,turbonet pro hi make your ordinary number k modem go speeds of upto number k average increased speeds of number number k download music programs in seconds not minutes this hardware is compatible with every dialup isp check it out http look number net information don t forget to save our site url if its not up try again later goodbye http look number net information are zachariah moser,turbonet pro hi hacer que su número ordinario k modem go velocidades de hasta el número k promedio mayores velocidades de número k descargar programas de música en segundos no minutos este hardware es compatible con cada dialup isp comprobarlo hacia fuera http look número información de red no se olvide de guardar nuestra url sitio si no se intenta de nuevo más tarde adiós http look número información de red son zachariah moser,spam
"cal berkeley general presentation confirmation - 10 / 16 / 00 we have been able to secure rooms at the claremont hotel in berkeley . please
note the confirmation numbers listed below . thanks !
claremont resort and spa - berkeley
41 tunnel road
berkeley , ca 94705
510 - 843 - 3000
from oakland airport : go straight out of the airport on airport blvd . turn
right on hegenberger road . from hegenberger
follow signs for 880 north . follow hwy 880 north and follow signs for hwy 24
to walnut creek . take the claremont avenue exit , turning
left at the bottom of the exit onto claremont . turn right on ashby avenue
( 5 th stoplight ) and the hotel ' s entrance is two blocks ahead on the left .
from san francisco airport : follow signs for hwy 101 north to san francisco ,
take hwy 80 east to the bay bridge to oakland .
cross bay bridge on hwy 80 , follow to 580 east , and exit onto hwy 24 to
berkeley / walnut creek . follow hwy 880 north and follow signs for
hwy 24 to walnut creek . take the claremont avenue exit , turning left at the
bottom of the exit onto claremont . turn right on ashby avenue
( 5 th stoplight ) and the hotel ' s entrance is two blocks ahead on the left .
- - - - - - - - - - - - - - - - - - - - - - forwarded by ashley baxter / corp / enron on 10 / 12 / 2000
07 : 15 pm - - - - - - - - - - - - - - - - - - - - - - - - - - -
lara marie berry
10 / 10 / 2000 04 : 58 pm
to : vince j kaminski / hou / ect @ ect , john pavetto / corp / enron @ enron , radu
tutos / enron communications @ enron communications , denise
rancour / corp / enron @ enron
cc : ashley baxter / corp / enron @ enron , simone lewis / na / enron @ enron
subject : cal berkeley general presentation confirmation - 10 / 16 / 00
cal berkeley
general presentation
monday , october 16 th
this note is to confirm that you are scheduled to attend the cal berkeley
general presentation on monday october 16 th . this e - mail should contain any
information that you need to know pertaining to your trip . please print out
a hard copy and bring with you in case of emergency . if you have any
questions , there is a list of contacts listed below .
once again , thank you for offering to help with technology recruiting at cal
berkeley . see you on campus !
lara
the general presentation will be held :
monday , october 16 th
the faculty club
seaborg room - 2 nd floor
7 : 00 p . m . to 9 : 00 p . m .
* * please plan on arriving at the general presentation by 6 : 00 p . m .
the general presentation is designed to educate the students on enron and the
global technology track . following the presentation we will invite the
students to ask questions about enron and the global technology track .
please plan to arrive at the general presentation by 6 : 00 p . m . it is
business casual attire .
flight arrangements :
you are responsible for scheduling your own flight arrangements with your
preferred airline provider . please schedule your flight to arrive to the san
francisco airport on monday , october 16 th . please remember that there can
be significant traffic over the bay bridge and to get into town at least an
hour prior to the event . please make all flight arrangements through the
travel agency in the park so that we are able to take advantage of discount
fares . if you do not have a representative that you currently use at the
travel agency in the park - feel free to contact liz mendiola at 713 - 860 - 1140 .
rental car arrangements :
once again , you are responsible for scheduling your own rental car
arrangements with your preferred provider . your travel agency in the park
representative should be able to assist you with rental car reservations .
hotel arrangements :
hotel reservations are currently being made by our representative at the
travel agency in the park .
as soon as we have confirmation numbers , i will let you know .
san francisco airport to the faculty club
take 101 northbound
exit to san francisco / oakland bay bridge
exit to 1 - 80 east
exit on university ave .
east on university avenue for 1 . 5 miles to oxford st .
right on oxford st . , left on durant ave . , left on piedmont
you will see parking on the right side
once again , thank you so much for helping with the general presentation .
below are some last minute tips to keep in mind :
please remember to dress business casual .
please remember to bring some business cards for students .
i have attached a pdf version of the global technology track brochure .
please forward all expense receipts to grace garcia . she will handle any
expenses incurred for this recruiting trip including : flight costs , hotel ,
car , food , valet , etc . however , you must turn in some sort of receipt - so
be sure and save them !
ashley baxter work : 713 - 853 - 3589
cell : 281 - 793 - 0567
lara berry work : 713 - 345 - 8320
cell : 713 - 857 - 1034
grace garcia work : 713 - 853 - 7252
simone lewis work : 713 - 853 - 1645",fi,cal berkeley general presentation confirmation number number number we have been able to secure rooms at the claremont hotel in berkeley please note the confirmation numbers listed below thanks claremont resort and spa berkeley number tunnel road berkeley ca number number number number from oakland airport go straight out of the airport on airport blvd turn right on hegenberger road from hegenberger follow signs for number north follow hwy number north and follow signs for hwy number to walnut creek take the claremont avenue exit turning left at the bottom of the exit onto claremont turn right on ashby avenue number th stoplight and the hotel s entrance is two blocks ahead on the left from san francisco airport follow signs for hwy number north to san francisco take hwy number east to the bay bridge to oakland cross bay bridge on hwy number follow to number east and exit onto hwy number to berkeley walnut creek follow hwy number north and follow signs for hwy number to walnut creek take the claremont avenue exit turning left at the bottom of the exit onto claremont turn right on ashby avenue number th stoplight and the hotel s entrance is two blocks ahead on the left forwarded by ashley baxter corporation enron on number number number number number pm lara marie berry number number number number number pm to vince j kaminski hou ect ect john pavetto corporation enron enron radu tutos enron communications enron communications denise rancour corporation enron enron cc ashley baxter corporation enron enron simone lewis na enron enron subject cal berkeley general presentation confirmation number number number cal berkeley general presentation monday october number th this note is to confirm that you are scheduled to attend the cal berkeley general presentation on monday october number th this e mail should contain any information that you need to know pertaining to your trip please print out a hard copy and bring with you in case of emergency if you have any questions there is a list of contacts listed below once again thank you for offering to help with technology recruiting at cal berkeley see you on campus lara the general presentation will be held monday october number th the faculty club seaborg room number nd floor number number p m to number number p m please plan on arriving at the general presentation by number number p m the general presentation is designed to educate the students on enron and the global technology track following the presentation we will invite the students to ask questions about enron and the global technology track please plan to arrive at the general presentation by number number p m it is business casual attire flight arrangements you are responsible for scheduling your own flight arrangements with your preferred airline provider please schedule your flight to arrive to the san francisco airport on monday october number th please remember that there can be significant traffic over the bay bridge and to get into town at least an hour prior to the event please make all flight arrangements through the travel agency in the park so that we are able to take advantage of discount fares if you do not have a representative that you currently use at the travel agency in the park feel free to contact liz mendiola at number number number rental car arrangements once again you are responsible for scheduling your own rental car arrangements with your preferred provider your travel agency in the park representative should be able to assist you with rental car reservations hotel arrangements hotel reservations are currently being made by our representative at the travel agency in the park as soon as we have confirmation numbers i will let you know san francisco airport to the faculty club take number northbound exit to san francisco oakland bay bridge exit to number number east exit on university ave east on university avenue for number number miles to oxford st right on oxford st left on durant ave left on piedmont you will see parking on the right side once again thank you so much for helping with the general presentation below are some last minute tips to keep in mind please remember to dress business casual please remember to bring some business cards for students i have attached a pdf version of the global technology track brochure please forward all expense receipts to grace garcia she will handle any expenses incurred for this recruiting trip including flight costs hotel car food valet etcetera however you must turn in some sort of receipt so be sure and save them ashley baxter work number number number cell number number number lara berry work number number number cell number number number grace garcia work number number number simone lewis work number number number,Cal berkeley Presentación general Número de confirmación Número de confirmación Hemos podido asegurar las habitaciones en el hotel claremont en berkeley Tenga en cuenta los números de confirmación que figuran a continuación gracias claremont Resort y spa Berkeley número de túnel carretera Berkeley número de ca número número de número desde el aeropuerto de Oakland salir directamente del aeropuerto en el aeropuerto blvd gire a la derecha en hegenberger carretera de hegenberg,ham
"re : a note being sent out under john sherriff ' s name - your thoughts on the cover note ?
no we are not planning to do a separate process around exceptions to
currently defined standards - doug imrie is acting as co - ordinator here in
europe for reporting into mike - we are awaiting the standard template for
consolidation in houston ( i deliberately did not get my guys to set up their
own reporting stats ! ! ) .
the below note is simply a pr exercise from john sherriff to remind people
throughout europe ( and especially in commercial groups ) that fundamental
standards exist and must be followed ( he believes the message should be sent
given the turnover in staff and recent arrival of metals to enron europe ) . ;
i am keen that the basis of the note is consistent with our global views and
underpins our global reporting ! !
mike
enron capital & trade resources corp .
from : shona wilson @ enron 26 / 09 / 2000 20 : 27
to : mike jordan / lon / ect @ ect
cc : sally beck / hou / ect @ ect , fernley dyson / lon / ect @ ect , michael e
moscoso / hou / ect @ ect
subject : re : a note being sent out under john sherriff ' s name - your thoughts
on the cover note ?
dear mike ,
thanks for the update - it looks like you are doing much of the same thing as
we are here . we are currently talking to all ops groups world - wide and
starting to report exceptions to current standards . let ' s coordinate these
two processes .
regards
mike jordan @ ect
09 / 26 / 2000 01 : 30 pm
to : shona wilson / na / enron @ enron
cc :
subject : re : a note being sent out under john sherriff ' s name - your thoughts
on the cover note ?
to discuss
- - - - - - - - - - - - - - - - - - - - - - forwarded by mike jordan / lon / ect on 26 / 09 / 2000 19 : 34
- - - - - - - - - - - - - - - - - - - - - - - - - - -
fernley dyson
26 / 09 / 2000 17 : 03
to : mike jordan / lon / ect @ ect
cc : sally beck / hou / ect @ ect
subject : re : a note being sent out under john sherriff ' s name - your thoughts
on the cover note ?
i think the note is fine . my concern would be access to details of the
standards themselves . people will be less inclined to come to you and me , but
they may well click on an intranet link to the policies and procedures
website for example .
for your consideration .
thanks
fernley
mike jordan
26 / 09 / 2000 14 : 14
to : fernley dyson / lon / ect @ ect , sally beck / hou / ect @ ect
cc :
subject : a note being sent out under john sherriff ' s name - your thoughts on
the cover note ?
fernley / sally
off and on ( with jackie gentle ' s help ) i have pulled together a one page
communication note on our fundamental operating standards ( itself a one page
summary ) .
we are in the final stages of this process - where we draft a cover letter
for john which will introduce this for inclusion within globalflash ( the
enron europe newsletter )
have you any thoughts on draft or cover note ?
mike",fi,regarding a note being sent out under john sherriff s name your thoughts on the cover note number we are not planning to do a separate process around exceptions to currently defined standards doug imrie is acting as company ordinator here in europe for reporting into mike we are awaiting the standard template for consolidation in houston i deliberately did not get my guys to set up their own reporting stats the below note is simply a pr exercise from john sherriff to remind people throughout europe and especially in commercial groups that fundamental standards exist and must be followed he believes the message should be sent given the turnover in staff and recent arrival of metals to enron europe i am keen that the basis of the note is consistent with our global views and underpins our global reporting mike enron capital trade resources corporation from shona wilson enron number number number number number to mike jordan lon ect ect cc sally beck hou ect ect fernley dyson lon ect ect michael e moscoso hou ect ect subject regarding a note being sent out under john sherriff s name your thoughts on the cover note dear mike thanks for the update it looks like you are doing much of the same thing as we are here we are currently talking to all ops groups world wide and starting to report exceptions to current standards let s coordinate these two processes regards mike jordan ect number number number number number pm to shona wilson na enron enron cc subject regarding a note being sent out under john sherriff s name your thoughts on the cover note to discuss forwarded by mike jordan lon ect on number number number number number fernley dyson number number number number number to mike jordan lon ect ect cc sally beck hou ect ect subject regarding a note being sent out under john sherriff s name your thoughts on the cover note i think the note is fine my concern would be access to details of the standards themselves people will be less inclined to come to you and me but they may well click on an intranet link to the policies and procedures website for example for your consideration thanks fernley mike jordan number number number number number to fernley dyson lon ect ect sally beck hou ect ect cc subject a note being sent out under john sherriff s name your thoughts on the cover note fernley sally off and on with jackie gentle s help i have pulled together a one page communication note on our fundamental operating standards itself a one page summary we are in the final stages of this process where we draft a cover letter for john which will introduce this for inclusion within globalflash the enron europe newsletter have you any thoughts on draft or cover note mike,con respecto a una nota que se envía bajo John Sherriff nombre sus pensamientos sobre el número de la nota de presentación que no estamos planeando hacer un proceso separado en torno a excepciones a las normas actualmente definidas doug imrie está actuando como coordinador de la empresa aquí en Europa para informar en Mike estamos esperando la plantilla estándar para la consolidación en Houston deliberadamente no conseguí que mis chicos para establecer su propia réplica,ham
"jones graduate school course descriptions list for 2000 - 2001 spring 2001 faculty and students ,
jones graduate school course descriptions list for 2000 - 2001 has been
posted to embanet . to access the course descriptions please open the jgsm
area icon on the embanet desktop . next please open the announcement jgsm
icon . you will find the course descriptions located under the subject
column . please open the document . if you do not have access to embanet
you will need to speak with david kilgore at kilgore @ rice . edu or by calling
david at 713 - 348 - 5378 .
thanks ,
kathy
kathy m . spradling
mba program coordinator
jesse h . jones graduate school of management
rice university
6100 main street , ms 531
houston , texas 77005 - 1892
phone : ( 713 ) 348 - 3313
fax : ( 713 ) 348 - 5251
email : spradlin @ rice . edu
http : / / www . rice . edu / jgs
e - mail : spradlin @ rice . edu
http : / / www . ruf . rice . edu / ~ jgs /",fr,jones graduate school course descriptions list for number number spring number faculty and students jones graduate school course descriptions list for number number has been posted to embanet to access the course descriptions please open the jgsm area icon on the embanet desktop next please open the announcement jgsm icon you will find the course descriptions located under the subject column please open the document if you do not have access to embanet you will need to speak with david kilgore at kilgore rice edu or by calling david at number number number thanks kathy kathy m spradling mba program coordinator jesse h jones graduate school of management rice university number main street ms number houston texas number number phone number number number fax number number number email spradlin rice edu http www rice edu jgs e mail spradlin rice edu http www ruf rice edu jgs,jones graduate school descriptions list for número número spring número profesores and students jones graduate school descriptions list for número número ha sido publicado en embanet para acceder a las descripciones del curso por favor abra el icono del área de jgsm en el escritorio de embanet siguiente abra el icono del anuncio jgsm encontrará las descripciones del curso bajo la columna de asunto abra el documento si no tiene acceso a embanet tendrá que hablar con David Kilgore en kilgo,ham
"congratulations ! ! ! vince :
congratulations on your promotion ! !
barbara",fr,congratulations vince congratulations on your promotion barbara,felicitaciones Vince felicitaciones por su promoción barbara,ham
"re : equistar feb - 01 thanks . equistar is complete .
daren j farmer
01 / 29 / 2001 04 : 42 pm
to : aimee lannou / hou / ect @ ect
cc :
subject : re : equistar feb - 01
that will be fine .
d
aimee lannou 01 / 29 / 2001 04 : 17 pm
to : daren j farmer / hou / ect @ ect
cc :
subject : equistar feb - 01
i think i found the deal . deal # 157572 has meter 1372 attached to it . it
should be meter 1373 . the 10 . 000 is split between two meters , but all should
be at meter 1373 . can i change it ?
al
- - - - - - - - - - - - - - - - - - - - - - forwarded by aimee lannou / hou / ect on 01 / 29 / 2001 04 : 07
pm - - - - - - - - - - - - - - - - - - - - - - - - - - -
aimee lannou 01 / 29 / 2001 03 : 59 pm
to : daren j farmer / hou / ect @ ect
cc :
subject : equistar feb - 01
daren - here are the equistar # ' s . there should be a total of 65 . 000 . there
is a new deal per janice at equistar at meter 1373 effective 2 / 01 . i have
not seen a deal for this . let me know if it is legitimate . no volumes were
added , just moved from meter to meter . ( deal # 378904 ) thanks .
al",fr,regarding equistar feb number thanks equistar is complete daren j farmer number number number number number pm to aimee lannou hou ect ect cc subject regarding equistar feb number that will be fine d aimee lannou number number number number number pm to daren j farmer hou ect ect cc subject equistar feb number i think i found the deal deal number has meter number attached to it it should be meter number the number number is split between two meters but all should be at meter number can i change it al forwarded by aimee lannou hou ect on number number number number number pm aimee lannou number number number number number pm to daren j farmer hou ect ect cc subject equistar feb number daren here are the equistar s there should be a total of number number there is a new deal per janice at equistar at meter number effective number number i have not seen a deal for this let me know if it is legitimate number volumes were added just moved from meter to meter deal number thanks al,con respecto a equistar feb número gracias equistar se completa el número del agricultor número número número pm a aimee lannou ect ect ect cc asunto con respecto a equistar feb número que será fine d aimee lannou número número número número pm a aimee j agricultor ect ect cc asunto equistar feb número creo que he encontrado el número de acuerdo tiene número de acuerdo conectado a él debe ser número del medidor el número se divide entre dos metros pero todo debe estar en número del medidor puedo cambiarlo al reenvío por,ham
"start date : 2 / 3 / 02 ; hourahead hour : 4 ; start date : 2 / 3 / 02 ; hourahead hour : 4 ; no ancillary schedules awarded . no variances detected .
log messages :
parsing file - - > > o : \ portland \ westdesk \ california scheduling \ iso final schedules \ 2002020304 . txt",hr,start date number number number hourahead hour number start date number number number hourahead hour number number ancillary schedules awarded number variances detected log messages parsing file o portland westdesk california scheduling iso final schedules number txt,número de fecha de inicio número número de hora antes número de hora número de fecha de inicio número de hora antes número de hora número de hora auxiliares horarios otorgados número varianzas detectadas mensajes de registro análisis archivo o portland westdesk california programación iso número de horarios finales txt,ham
"wish you could be better ? penis enhancement patch , doctor approved and recommended .
http : / / www . siratu . com / ss /
being kind to your dog doesn ' t make you a better artist .
the road up and the road down is one and the same .
everything is a dangerous drug except reality , which is unendurable .
indeed , history is nothing more than a tableau of crimes and misfortunes .
lawyers spend a great deal of their time shoveling smoke .",hr,wish you could be better penis enhancement patch doctor approved and recommended http www siratu com ss being kind to your dog doesn t make you a better artist the road up and the road down is one and the same everything is a dangerous drug except reality which is unendurable indeed history is nothing more than a tableau of crimes and misfortunes lawyers spend a great deal of their time shoveling smoke,deseo que usted podría ser mejor mejora del pene parche médico aprobado y recomendado http www siratu com ss ser amable con su perro no le hace un mejor artista el camino hacia arriba y el camino hacia abajo es uno y el mismo todo es una droga peligrosa excepto la realidad que es insoportable de hecho la historia no es nada más que un cuadro de crímenes y desgracias abogados pasan una gran parte de su tiempo palando,spam
"virtual service fw useful programs .
program components on compact disk with registration unique code .
it will be fully functional package .",hu,virtual service forward useful programs program components on compact disk with registration unique code it will be fully functional package,servicio virtual hacia adelante programas útiles componentes del programa en disco compacto con código único de registro que será paquete completamente funcional,spam
"re : cialls walium vi - agra hello , would you likke to spend less on your medlcatlons ?
vlsit medications - by - mail shoop and save over 70 %
va
u
ag
c
is
ll
mvl
ra
lal
andmanyother
have a nice day .
p . s . you will be pleasantly surprised with our prices !",hu,regarding cialls walium vi agra hello would you likke to spend less on your medlcatlons vlsit medications by mail shoop and save over number va you ag c is ll mvl ra lal andmanyother have a nice day p s you will be pleasantly surprised with our prices,con respecto a cialls walium vi agra hola ¿te gustaría gastar menos en su medlcatlons vlsit medicamentos por correo shoop y ahorrar en el número va ag c is ll mvl ra lal andmanyother tener un buen día p s usted será gratamente sorprendido con nuestros precios,spam
"let banking concern compete for your mortgage schedules for every borrow state of affairs
loaners respond in 19 hours
acquire up to 120 % of your residences assess
specific propositions for self - employed
no income verification proposals
get loan",id,let banking concern compete for your mortgage schedules for every borrow state of affairs loaners respond in number hours acquire up to number of your residences assess specific propositions for self employed number income verification proposals get loan,dejar que la preocupación bancaria compita por sus programas hipotecarios para cada préstamo estado de los préstamos los prestatarios responder en número de horas adquirir hasta el número de sus residencias evaluar proposiciones específicas para el trabajo por cuenta propia número de propuestas de verificación de ingresos obtener préstamo,spam
"forward oil prices john ,
i am forwarding to you the request by jens . we gave in the past
our forward oil curves ( with approval of greg whalley ) to some academics .
what is your position on this request ?
vince
- - - - - - - - - - - - - - - - - - - - - - forwarded by vince j kaminski / hou / ect on 10 / 27 / 2000
04 : 29 pm - - - - - - - - - - - - - - - - - - - - - - - - - - -
jens gobel @ enron
10 / 26 / 2000 12 : 06 pm
to : vince j kaminski / hou / ect @ ect
cc :
subject : forward oil prices
vince ,
as discussed on the phone , i am sending you the request that i have received
from prof . buehler . prof . buehler is the
head of the faculty of finance at mannheim university in germany . currently ,
he is writing a study about the hedging
strategy that led to the metallgesellschaft debacle . for this study he would
like to get forward oil prices form us .
the forward oil prices should be for wti with cushing as the delivery point
for the time period july 1986 and december 1996
with remaining contract durations between one and ten years . it would be
ideal to get this data on a daily basis . weekly
or monthly data is helpful as well , of course .
since mannheim university is among enron ' s tier one recruiting universities
in germany , it would be great if we could help
him with some data . thanks a lot for your help .
jens
o . korn @ uni - mannheim . de on 10 / 10 / 2000 11 : 44 : 57 am
to : jens . gobel @ enron . com
cc :
subject : daten
sehr geehrter herr goebel ,
bezugnehmend auf ihr heutiges telefongespraech mit herrn prof .
buehler hat mich prof . buehler gebeten , ihnen genauer
darzustellen , welche daten idealerweise fuer unsere studie
benoetigt wuerden .
zunaechst zum hintergrund . wir sind auf enron gestossen , weil
eduardo schwartz in einer seiner arbeiten die folgende datenquelle
angibt :
"" in addition to the publicly available futures data described above ,
for the purpose of this study enron capital and trade resources
made available some proprietary historical forward price curves
from 1 / 15 / 93 to 5 / 16 / 96 . from these data ten forward prices were
used in estimation , ranging in maturities from two months to nine
years ""
dies laesst uns annehmen , dass enron bestimmte daten
verfuegbar hat .
nun zum idealen datensatz :
forwardoelpreise ( am besten wti mit lieferung in cushing ) fuer
restlaufzeiten zwischen einem und zehn jahren fuer den zeitraum
juli 1986 bis dezember 1996 . dabei waere eine hohe
datenfrequenz ideal ( taeglich , ansonsten woechentlich oder
monatlich ) . zusaetzlich waeren auch spotpreise fuer wti mit
lieferung in cushing nuetzlich .
diese idealen datenanforderungen werden sich vermutlich nicht
erfuellen lassen . jedoch waere uns auch schon geholfen , wenn ein
kuerzerer zeitraum oder eine niedrigere datenfrequenz vorlaege .
wir waernen ihnen sehr dankbar , wenn sie in erfahrung bringen
koennten , inwiefern solche daten von enron zu erhalten sind .
herzlichen dank fuer ihre muehe und beste gruesse
olaf korn
p . s . bei rueckfragen stehe ich ihnen jederzeit gern zur verfuegung
dr . olaf korn
university of mannheim
chair of finance
d - 68131 mannheim
germany
tel . : + + 49 / 621 / 181 - 1487
fax . : + + 49 / 621 / 181 - 1519
e - mail : o . korn @ uni - mannheim . de",id,forward oil prices john i am forwarding to you the request by jens we gave in the past our forward oil curves with approval of greg whalley to some academics what is your position on this request vince forwarded by vince j kaminski hou ect on number number number number number pm jens gobel enron number number number number number pm to vince j kaminski hou ect ect cc subject forward oil prices vince as discussed on the phone i am sending you the request that i have received from prof buehler prof buehler is the head of the faculty of finance at mannheim university in germany currently he is writing a study about the hedging strategy that led to the metallgesellschaft debacle for this study he would like to get forward oil prices form us the forward oil prices should be for wti with cushing as the delivery point for the time period july number and december number with remaining contract durations between one and ten years it would be ideal to get this data on a daily basis weekly or monthly data is helpful as well of course since mannheim university is among enron s tier one recruiting universities in germany it would be great if we could help him with some data thanks a lot for your help jens o korn uni mannheim de on number number number number number number am to jens gobel enron com cc subject daten sehr geehrter herr goebel bezugnehmend auf ihr heutiges telefongespraech mit herrn prof buehler hat mich prof buehler gebeten ihnen genauer darzustellen welche daten idealerweise fuer unsere studie benoetigt wuerden zunaechst zum hintergrund wir sind auf enron gestossen weil eduardo schwartz in einer seiner arbeiten die folgende datenquelle angibt in addition to the publicly available futures data described above for the purpose of this study enron capital and trade resources made available some proprietary historical forward price curves from number number number to number number number from these data ten forward prices were used in estimation ranging in maturities from two months to nine years dies laesst uns annehmen dass enron bestimmte daten verfuegbar hat nun zum idealen datensatz forwardoelpreise am besten wti mit lieferung in cushing fuer restlaufzeiten zwischen einem und zehn jahren fuer den zeitraum juli number bis dezember number dabei waere eine hohe datenfrequenz ideal taeglich ansonsten woechentlich oder monatlich zusaetzlich waeren auch spotpreise fuer wti mit lieferung in cushing nuetzlich diese idealen datenanforderungen werden sich vermutlich nicht erfuellen lassen jedoch waere uns auch schon geholfen wenn ein kuerzerer zeitraum oder eine niedrigere datenfrequenz vorlaege wir waernen ihnen sehr dankbar wenn sie in erfahrung bringen koennten inwiefern solche daten von enron zu erhalten sind herzlichen dank fuer ihre muehe und beste gruesse olaf korn p s bei rueckfragen stehe ich ihnen jederzeit gern zur verfuegung dr olaf korn university of mannheim chair of finance d number mannheim germany telephone number number number number fax number number number number e mail o korn uni mannheim de,precios del petróleo por adelantado john estoy reenviando a usted la solicitud de jens que dimos en el pasado nuestras curvas del petróleo por adelantado con la aprobación de greg whalley a algunos académicos cuál es su posición sobre esta solicitud vince enviado por vince j kaminski hou ect en número número número número número número pm jens gobel enron número número número número número número pm a vince j kaminski hou,ham
"duke energy field services 4 / 01 for once his is not a panenergy question . for sale deal 707274 , defs says the price on 4 / 4 should be 5 . 25 and we have 5 . 20 in sitara . can you confirm this price for me ?
megan",id,duke energy field services number number for once his is not a panenergy question for sale deal number defs says the price on number number should be number number and we have number number in sitara can you confirm this price for me megan,número de servicio de campo de energía del duque por una vez su no es una pregunta panenergética para la venta número de acuerdo defs dice que el precio en número de número debe ser número y tenemos número de número en sitara puede confirmar este precio para megan,ham
"id = : : ffff : 220 . 184 . 181 . 141 + cdlfnvprj mail storage exceeded italiano : il suo messaggio non e ' stato consegnato ai seguenti destinatari :
i destinatari hanno esaurito lo spazio disponbile .
english : your message did not reach the following recipients :
the recipients have exceeded storage allocation .
to : simbol @ deejaymail . it
buon lavoro .
i . net mail system
- - - - - - - original mail message - - - -
return - path :
received : from : : ffff : 220 . 184 . 181 . 141 [ : : ffff : 220 . 184 . 181 . 141 ] by fe - 4 a . inet . it via i - smtp - 5 . 2 . 3 - 520
id : : ffff : 220 . 184 . 181 . 141 + cdlfnvprj ; tue , 19 jul 2005 12 : 59 : 44 + 0200
received : from 205 . 214 . 42 . 66
( squirrelmail authenticated user david @ mail . scoaway . com ) ;
by mailwisconsin . com with http id j 87 gzo 09360194 ;
tue , 19 jul 2005 10 : 57 : 46 + 0000
message - id :
date : tue , 19 jul 2005 10 : 57 : 46 + 0000
subject : just to her . . .
from : "" barry castillo ""
to : simbol @ deejaymail . it
user - agent : squirrelmail / 1 . 4 . 3 a
x - mailer : squirrelmail / 1 . 4 . 3 a
mime - version : 1 . 0
content - type : text / html ; charset = iso - 8859 - 1
content - transfer - encoding : 8 bit
x - priority : 3 ( normal )
importance : normal
soft viagra at $ 1 . 62 per dose
ready to boost your sex life ? positive ?
time to do it right now !
order soft viagra at incredibly low prices
starting at $ 1 . 99 per dose ! unbelivabie !",it,id ffff number number number number cdlfnvprj mail storage exceeded italiano il suo messaggio non e stato consegnato ai seguenti destinatari i destinatari hanno esaurito lo spazio disponbile english your message did not reach the following recipients the recipients have exceeded storage allocation to simbol deejaymail it buon lavoro i net mail system original mail message return path received from ffff number number number number ffff number number number number by fe number a inet it via i smtp number number number number id ffff number number number number cdlfnvprj tue number jul number number number number number received from number number number number squirrelmail authenticated user david mail scoaway com by mailwisconsin com with http id j number gzo number tue number jul number number number number number message id date tue number jul number number number number number subject just to her from barry castillo to simbol deejaymail it user agent squirrelmail number number number a x mailer squirrelmail number number number a mime version number number content type text html charset iso number number content transfer encoding number bit x priority number normal importance normal soft viagra at number number per dose ready to boost your sex life positive time to do it right now order soft viagra at incredibly low prices starting at number number per dose unbelivabie,id ffff número número número número cdlfnvprj mail storage exceded italiano il suo messaggio non e stato consegnato ai seguenti destinatari i destinatari hanno esaurito lo spazio disponbile english tu mensaje no llegó a los siguientes destinatarios los destinatarios han excedido la asignación de almacenamiento a simbol deejaymail it buon lavoro i net mail system original mail message return pa,spam
"ortemeca por la medicina natural para linux - kernel @ vger . kernel . org ortemeca por la medicina natural para linux - kernel @ vger . kernel . org
ante ministerios hemos aportado documentacion sobre
"" especialista superior en medicina natural
y terapias alternativas "" . rango propio equivalente
licenciatura , diplomatura superior . ( para profesionales de mas de diez
años de ejercicio y examen proyecto profesional "" . exigimos dicho examen
como es norma habitual en casi todos los países , para el ejercicio de
cualquier profesión . en el examen no solo serán decisivos conocimientos
académicos , si no filosóficos , culturales , profesionales , ampliamente
relacionados con el mundo de la paramedicina , ejercicio
profesional , proyectos , etc .
miren la web estamos modificando pondremos cerca de 60 . desarrollos de
aparatología científica de la dirección de ortemeca en breves días .
hablemos claro , todos los días nos llama gente y confundir es muy facil :
los que han desplegado bandera de regulaciones inminentes , que tal o
cual gobierno ha delegado tal o cual cosa en ellos , han quedado como
eso , estafadores de miles de incautos , que les han vendido hasta
seguros que ni existen . ( solo es valido el seguro de
responsabilidad civil hecho por compañia de primera
linea , nunca por correduria alguna que puede
desaparecer ) por no decir la nula defensa de sus asociados ante las
persecuciones medicas , ortemeca esta defendiendo algunos
profesionales perseguidos , pertenecientes algunas asociaciones de
estafadores .
no hay ninguna negociacion base ni toma de posiciones
para la regulacion de las terapias alternativas , no
existe ningun interlocutor "" valido "" eso es una burda
falsedad , estafa de juzgado de guardia .
ni ningun titulo ni curso alguno , que nadie se deje engañar y si
lo ha hecho ir al juzgado a denunciar . , es papel mojado .
permanecer en silencio e indiferente es el mayor de los pecados , el mas
absurdo de los errores .
en ortemeca defendemos al profesional .
saludos :
ortemeca
alicia
c / virgen de belén , 32 , 2 ß izq .
cp 03310 jacarilla ( alicante )
si deseas informes envia un e - mail .
orttemecca @ terra . es
ortmeca @ terra . es
móvil : 617 17 60 66
si deseas ser borrado envia un e - mail a ortmeca @ terra . es
-
to unsubscribe from this list : send the line "" unsubscribe linux - kernel "" in
the body of a message to majordomo @ vger . kernel . org
more majordomo info at http : / / vger . kernel . org / majordomo - info . html
please read the faq at http : / / www . tux . org / lkml /",it,ortemeca por la medicina natural para linux kernel vger kernel org ortemeca por la medicina natural para linux kernel vger kernel org ante ministerios hemos aportado documentacion sobre especialista superior en medicina natural y terapias alternativas rango propio equivalente licenciatura diplomatura superior para profesionales de mas de diez a os de ejercicio y examen proyecto profesional exigimos dicho examen como es norma habitual en casi todos los pa ses para el ejercicio de cualquier profesi n en el examen number solo ser n decisivos conocimientos acad micos si number filos ficos culturales profesionales ampliamente relacionados con el mundo de la paramedicina ejercicio profesional proyectos etcetera miren la web estamos modificando pondremos cerca de number desarrollos de aparatolog a cient fica de la direcci n de ortemeca en breves d as hablemos claro todos los d as nos llama gente y confundir es muy facil los que han desplegado bandera de regulaciones inminentes que tal o cual gobierno ha delegado tal o cual cosa en ellos han quedado como eso estafadores de miles de incautos que les han vendido hasta seguros que ni existen solo es valido el seguro de responsabilidad civil hecho por compa ia de primera linea nunca por correduria alguna que puede desaparecer por number decir la nula defensa de sus asociados ante las persecuciones medicas ortemeca esta defendiendo algunos profesionales perseguidos pertenecientes algunas asociaciones de estafadores number hay ninguna negociacion base ni toma de posiciones para la regulacion de las terapias alternativas number existe ningun interlocutor valido eso es una burda falsedad estafa de juzgado de guardia ni ningun titulo ni curso alguno que nadie se deje enga ar y si lo ha hecho ir al juzgado a denunciar es papel mojado permanecer en silencio e indiferente es el mayor de los pecados el mas absurdo de los errores en ortemeca defendemos al profesional saludos ortemeca alicia c virgen de bel n number number izq cp number jacarilla alicante si deseas informes envia un e mail orttemecca terra es ortmeca terra es m vil number number number number si deseas ser borrado envia un e mail a ortmeca terra es to unsubscribe from this list send the line unsubscribe linux kernel in the body of a message to majordomo vger kernel org more majordomo information at http vger kernel org majordomo information html please read the faq at http www tux org lkml,ortemeca por la medicina natural para linux kernel vger kernel ortemeca por la medicina natural para linux kernel vger kernel ante ministerios hemos aportado documentación sobre especialista superior en medicina natural y terapias alternativas rango propio equivalente licencia diplomática superior para profesionales de mas de diez a os de ejercicio y examen proyecto profesional exigimos examen como es norma habitual en casi todos los,spam
no pre ] scription hgh,it,number pre scription hgh,número prescripción hgh,spam
"* * * * ipys * * * * ipys * * * * ipys * * * * ipys * * * * ipys * * * * ipys * * * * ipys * * * * ipys * * * * special alert : ( otcbb : ipys ) - - 200 % gains expected
this urgent investor bulletin has been sent out to our millions of subscribers immediately to allow investors the opportunity to accumulate a substantial position in this great stock . instapay systems , inc . . ( otcbb : ipys ) is the latest new pick , set to really move in near future . this company deserves your immediate attention . stock mule team found a new winner yet again !
instapay systems , inc . , ( otcbb : ipys )
current price : $ 0 . 40
short term target : $ 1 . 20
short term gain ; 300 %
instapay systems highlights
no competition - ipys is the first and only transaction processing production system to enable internet merchants to accept atm card ( "" pin "" debit ) payments - this is a multibillion market currently , and the fastest growing segment of the transaction processing industry . online credit card and electronic check purchases totaled more than $ 90 billion in the us in 2003 .
merchants pay only a fixed fee per transaction for pin debit transactions , as opposed to the way credlt card transactions are currently processed , as a percentage of the dollar amount of the transactions . merchants will save billions in transaction processing fees paid to visa , mc and other credit card companies .
ipys developed the encrypted processing system enabling the use of atm cards over the internet and owns the patents to it as well as the gateway service for delivering this service over the internet .
the company has already identified several major credit card transaction processing providers that are violating the company ' s patent and ipys is filing several civil law suits to collect the tens of millions due the company by some of the biggest names in the processing business .
many large chain store merchants are opting to lower their electronic transaction processing costs by offering pin debit payment solutions to customers . in february 2004 wal - mart ( nyse : wmt ) began refusing mastercard signature debit cards and requires customers to enter their pin number , saving the chain tens of millions annually . ipys owns the patents to this process that walmart ' s processors are using .
ebay ( nasdaq : ebay ) acquisition of paypal for 1 . 5 billion tied them into direct debit processing for ebay purchases this year . direct debit processing is expected to account for 45 % of all transactions by 2005 . ipys patents will allow the company to literally own this market .
the stock mule team can ' t predict a long term target for ipys because no one knows what will happen when ipys signs its next several large nationally based chain stores to its transactions processing system . this stock could skyrocket to $ 10 . 00 overnight ; and then explode beyond our wildest dreams ! thank you for your trust and keep the faith the stock mule team
this profile is not without bias , and is a paid release . writers and mailers have been compensated for the dissemination of company information on behalf of one or more of the companies mentioned in this release . parties involved in the creation and distribution of this profile have been compensated 40 , 000 dollars by a third party ( third party ) , who is nonaffiliated , for services provided including dissemination of company information in this release . pr and other individuals and other creators and mailers of this letter will sell all of its original shares during the distribution of this profile . parties involved may immediately sell some or any shares in a profiled company held by profile creators and may have previously sold shares in a profiled company held by pr individuals involved . our optin mailing services for a company may cause the company stock price to increase , in which event involved parties would make a profit when it sells its stock in the company . in addition , our selling of a company stock may have a negative effect on the market price of the stock . the past profiles are only the winners not all of our recommendations",lt,ipys ipys ipys ipys ipys ipys ipys ipys special alert otcbb ipys number gains expected this urgent investor bulletin has been sent out to our millions of subscribers immediately to allow investors the opportunity to accumulate a substantial position in this great stock instapay systems incorporated otcbb ipys is the latest new pick set to really move in near future this company deserves your immediate attention stock mule team found a new winner yet again instapay systems incorporated otcbb ipys current price number number short term target number number short term gain number instapay systems highlights number competition ipys is the first and only transaction processing production system to enable internet merchants to accept atm card pin debit payments this is a multibillion market currently and the fastest growing segment of the transaction processing industry online credit card and electronic check purchases totaled more than number billion in the us in number merchants pay only a fixed fee per transaction for pin debit transactions as opposed to the way credlt card transactions are currently processed as a percentage of the dollar amount of the transactions merchants will save billions in transaction processing fees paid to visa mc and other credit card companies ipys developed the encrypted processing system enabling the use of atm cards over the internet and owns the patents to it as well as the gateway service for delivering this service over the internet the company has already identified several major credit card transaction processing providers that are violating the company s patent and ipys is filing several civil law suits to collect the tens of millions due the company by some of the biggest names in the processing business many large chain store merchants are opting to lower their electronic transaction processing costs by offering pin debit payment solutions to customers in february number wal mart nyse wmt began refusing mastercard signature debit cards and requires customers to enter their pin number saving the chain tens of millions annually ipys owns the patents to this process that walmart s processors are using ebay nasdaq ebay acquisition of paypal for number number billion tied them into direct debit processing for ebay purchases this year direct debit processing is expected to account for number of all transactions by number ipys patents will allow the company to literally own this market the stock mule team can t predict a long term target for ipys because number one knows what will happen when ipys signs its next several large nationally based chain stores to its transactions processing system this stock could skyrocket to number number overnight and then explode beyond our wildest dreams thank you for your trust and keep the faith the stock mule team this profile is not without bias and is a paid release writers and mailers have been compensated for the dissemination of company information on behalf of one or more of the companies mentioned in this release parties involved in the creation and distribution of this profile have been compensated number number dollars by a third party third party who is nonaffiliated for services provided including dissemination of company information in this release pr and other individuals and other creators and mailers of this letter will sell all of its original shares during the distribution of this profile parties involved may immediately sell some or any shares in a profiled company held by profile creators and may have previously sold shares in a profiled company held by pr individuals involved our optin mailing services for a company may cause the company stock price to increase in which event involved parties would make a profit when it sells its stock in the company in addition our selling of a company stock may have a negative effect on the market price of the stock the past profiles are only the winners not all of our recommendations,ipys ipys ipys ipys ipys ipys ipys alerta especial otcbb ipys número de ganancias esperadas este boletín de inversores urgentes se ha enviado a nuestros millones de suscriptores de inmediato para permitir a los inversores la oportunidad de acumular una posición sustancial en este gran stock instapay sistemas incorporados otcbb ipys es el último nuevo juego de selección para moverse realmente en un futuro próximo esta compañía merece su atención inmediata equipo de mula acciones encontró un nuevo ganador una vez más instapay sistemas incorporados otcbb ipys número de,spam
http : / / albertapower . enron . com / xnav / default . htm,nl,http albertapower enron com xnav default htm,http albertapower enron com xnav por defecto htm,ham
" ( b  $ b ! zck % 3 ! % 9 ! [ -  ( b
http : / / awg . webchu . com / sweet - s / ? delil
 $ b ! zlk % 3 ! % 9 ! [  ( b
http : / / awg . webchu . com / sweet - s / ? deli 2
 $ b # # # # # # # # # # # # # #  ( b
sweet _ 777 @ pochta . ru
 $ b # # # # # # # # # # # # # #  ( b",nl,b b zck number number b http awg webchu com sweet s delil b zlk number number b http awg webchu com sweet s deli number b b sweet number pochta ru b b,b b zck número número b http awg webchu com dulce s delil b zlk número b http awg webchu com dulce s deli número b b dulce número pochta ru b b,spam
"re : resume thanks , vince - -
vince j kaminski
05 / 22 / 2000 03 : 43 pm
to : colleen sullivan / hou / ect @ ect
cc : vince j kaminski / hou / ect @ ect , shirley crenshaw / hou / ect @ ect
subject : re : resume
colleen ,
we are looking at some fab 133 related issues and we need all the help we can
get .
we can hire ainsley as a temp ( outside the a & a pool - they closed the list
for the summer ) .
we shall contact her directly and ask if she is interested .
vince
p . s . shirley , please set up a phone interview for me and datren .
from : colleen sullivan 05 / 19 / 2000 11 : 26 am
to : jean mrha / enron communications @ enron communications , robert
superty / hou / ect @ ect , jeffrey a shankman / hou / ect @ ect , hunter s
shively / hou / ect @ ect , scott neal / hou / ect @ ect , phillip k allen / hou / ect @ ect ,
fred lagrasta / hou / ect @ ect , craig breslau / hou / ect @ ect , vince j
kaminski / hou / ect @ ect , sally beck / hou / ect @ ect , brad mcsherry / hou / ect @ ect ,
george smith / hou / ect @ ect , edward terry / hou / ect @ ect , katherine l
kelly / hou / ect @ ect , randall l gay / hou / ect @ ect , beth perlman / hou / ect @ ect , ed
mcmichael / hou / ect @ ect , stephanie miller / corp / enron @ enron
cc :
subject : resume
if you are looking for any summer interns , please take a look at this
student ' s resume . she ' s a junior at ut in the honors business program ,
extremely intelligent , with great potential . my sister was one of her
teachers at humble high school and speaks very highly of her character ,
intelligence and drive . she always tells me to remember her name because
i ' ll hear it again some day . if you know of anyone else who may be
interested , let me know and i will forward her resume to them .
- resume _ gaddis . doc",nl,regarding resume thanks vince vince j kaminski number number number number number pm to colleen sullivan hou ect ect cc vince j kaminski hou ect ect shirley crenshaw hou ect ect subject regarding resume colleen we are looking at some fab number related issues and we need all the help we can get we can hire ainsley as a temp outside the a a pool they closed the list for the summer we shall contact her directly and ask if she is interested vince p s shirley please set up a phone interview for me and datren from colleen sullivan number number number number number am to jean mrha enron communications enron communications robert superty hou ect ect jeffrey a shankman hou ect ect hunter s shively hou ect ect scott neal hou ect ect phillip k allen hou ect ect fred lagrasta hou ect ect craig breslau hou ect ect vince j kaminski hou ect ect sally beck hou ect ect brad mcsherry hou ect ect george smith hou ect ect edward terry hou ect ect katherine l kelly hou ect ect randall l gay hou ect ect beth perlman hou ect ect ed mcmichael hou ect ect stephanie miller corporation enron enron cc subject resume if you are looking for any summer interns please take a look at this student s resume she s a junior at ut in the honors business program extremely intelligent with great potential my sister was one of her teachers at humble high school and speaks very highly of her character intelligence and drive she always tells me to remember her name because i ll hear it again some day if you know of anyone else who may be interested let me know and i will forward her resume to them resume gaddis doc,con respecto a curriculum vitae gracias vince vince j kaminski número número número número pm a colleen sullivan hou ect ect cc vince j kaminski ect ect ect shirley crenshaw ect ect tema con respecto a curriculum vitae colleen estamos buscando algunos temas relacionados con el número fab y necesitamos toda la ayuda que podamos conseguir podemos contratar aisley como una temperatura fuera de la piscina cerraron la lista para el verano nos pondremos en contacto con ella directamente y preguntar si ella está,ham
"tl get 200 $ for free
no more",no,tl get number for free number more,tl obtener el número para el número libre más,spam
"m lokay expense report - - - - - - - - - - - - - - - - - - - - - - forwarded by kevin hyatt / et & s / enron on 11 / 06 / 2000
09 : 54 am - - - - - - - - - - - - - - - - - - - - - - - - - - -
enron energy services
from : michelle lokay 11 / 03 / 2000 04 : 13 pm
to : kevin hyatt / et & s / enron @ enron
cc :
subject : expense report
please review and approve . thanks !",no,m lokay expense report forwarded by kevin hyatt et s enron on number number number number number am enron energy services from michelle lokay number number number number number pm to kevin hyatt et s enron enron cc subject expense report please review and approve thanks,m lokay informe de gastos enviado por kevin hyatt et s enron número número número número am enron servicios de energía de michelle lokay número número número número número pm a kevin hyatt et s enron enron cc asunto informe de gastos por favor revise y apruebe gracias,ham
"eog / ets meeting fyi . . . thanks for your help ,
bob",no,eog ets meeting for your information thanks for your help bob,eog ets reunión para su información gracias por su ayuda bob,ham
"aiesec polska - eurolds 2000 jarek ,
czy enron moze pomoc w organizacji tej imprezy ?
bylaby to dobra okazja nawiazania wielu pozytecznych kontaktow .
wicek
- - - - - - - - - - - - - - - - - - - - - - forwarded by vince j kaminski / hou / ect on 02 / 17 / 2000
08 : 51 am - - - - - - - - - - - - - - - - - - - - - - - - - - -
"" andrzej wodnicki "" on 02 / 16 / 2000 02 : 50 : 05 am
to : vince j kaminski / hou / ect @ ect
cc :
subject : aiesec polska - eurolds 2000
szanowny panie kaminski !
nazywam sie andrzej wodnicki i jestem czlonkiem stowarzysznia studentow
aiesec przy szkole glownej handlowej ( dawnej sgpis ) .
prosze o poswiecenie paru chwil na przeczytanie tego maila .
( kontakt do pana otrzymalem od kolegi , ktory organizowal prezentacje firmy
enron na sgh , a posrednio od pana jarka astramowicza , przedstawiciela enron
na polske . )
w imieniu aiesec polska chcialbym zwrocic sie do pana z wielka prosba pomocy
przy wydarzeniu , ktore w tym roku organizujemy .
aiesec polska , a w szczegolnosci aiesec przy szkole glownej handlowej ma
zaszczyt organizowac w tym roku european leadership development seminar . jest
to seminarium na temat przywodztwa skierowne do obecnych i przyszlych
czlonkow rad wykonawczych komitetow lokalnych aiesec w calej europie .
po raz pierwszy aiesec polska ma mozliwosc organizacji takiego wydarzenia i
stanowi ono dla nas olbrzymie wyzwanie .
przygotowywalismy sie do niego od kilku lat i obecnie jestesmy juz w koncowej
fazie organizacji eurolds 2000 .
projekt rozpoczyna sie 7 marca 2000 roku oficjalnym otwarciem przez pana
prezydenta aleksandra kwasniewskiego w sali kongresowej . pozniej odbeda sie
dyskusje panelowe ( udzial wielu znakomitych gosci - m . in jan krzysztof
bielecki , jacek saryusz wolski , andrzej olechowski ) oraz wyklady i
prezentacje regionow polski w auli spadochronowej szkoly glownej handlowej , a
nastepnie delegaci udadza sie do hotelu mrongovia na szkolenia , casy i
wyklady na temat przywodztwa . ( szczegolowy program eurolds 2000 przesylam w
zalaczniku . )
jak do tej pory staralismy sie mozliwie najwiecej dokonac wlasnymi silami ,
jednak obecnie na 3 tygodnie przed tym wydarzeniem stoimy przed pewnym
problemem i stad tez pojawil sie pomysl skontaktowania pana , jako osoby ,
ktora moglaby nam wydatnie pomoc .
chcielibysmy poprosic pana o wsparcie finansowe .
wspolpracujemy juz z wieloma firmami i instytucjami ( m . in . deloitte & touche ,
arthur andersen , fundusz phare , fundacja konrada adenauera oraz wieloma
innymi ) , jednak na obecnym etapie organizacji projektu wciaz brakuje nam
12000 $ .
poczatkowo chcielismy nawiazac kontakt z pania eileen price z londynu , jednak
wydaje nam sie , ze pan jako zalozyciel aiesec w polsce powienien po pierwsze
o takim wydarzeniu wiedziec , a po drugie mamy nadzieje , ze moze nam pan pomoc .
bardzo prosze o odpowiedz ,
z powazaniem
andrzej wodnicki
prezydent eurolds 2000
aiesec szkola glowna handlowa
- attl . htm
- eurolds _ prezentacja . ppt",pl,aiesec polska eurolds number jarek czy enron moze pomoc with organizacji tej imprezy bylaby to dobra okazja nawiazania wielu pozytecznych kontaktow wicek forwarded by vince j kaminski hou ect on number number number number number am andrzej wodnicki on number number number number number number am to vince j kaminski hou ect ect cc subject aiesec polska eurolds number szanowny panie kaminski nazywam sie andrzej wodnicki i jestem czlonkiem stowarzysznia studentow aiesec przy szkole glownej handlowej dawnej sgpis prosze o poswiecenie paru chwil na przeczytanie tego maila kontakt do pana otrzymalem od kolegi ktory organizowal prezentacje firmy enron na sgh a posrednio od pana jarka astramowicza przedstawiciela enron na polske with imieniu aiesec polska chcialbym zwrocic sie do pana z wielka prosba pomocy przy wydarzeniu ktore with tym roku organizujemy aiesec polska a with szczegolnosci aiesec przy szkole glownej handlowej ma zaszczyt organizowac with tym roku european leadership development seminar jest to seminarium na temat przywodztwa skierowne do obecnych i przyszlych czlonkow rad wykonawczych komitetow lokalnych aiesec with calej europie po raz pierwszy aiesec polska ma mozliwosc organizacji takiego wydarzenia i stanowi ono dla nas olbrzymie wyzwanie przygotowywalismy sie do niego od kilku lat i obecnie jestesmy juz with koncowej fazie organizacji eurolds number projekt rozpoczyna sie number marca number roku oficjalnym otwarciem przez pana prezydenta aleksandra kwasniewskiego with sali kongresowej pozniej odbeda sie dyskusje panelowe udzial wielu znakomitych gosci m in jan krzysztof bielecki jacek saryusz wolski andrzej olechowski oraz wyklady i prezentacje regionow polski with auli spadochronowej szkoly glownej handlowej a nastepnie delegaci udadza sie do hotelu mrongovia na szkolenia casy i wyklady na temat przywodztwa szczegolowy program eurolds number przesylam with zalaczniku jak do tej pory staralismy sie mozliwie najwiecej dokonac wlasnymi silami jednak obecnie na number tygodnie przed tym wydarzeniem stoimy przed pewnym problemem i stad tez pojawil sie pomysl skontaktowania pana jako osoby ktora moglaby nam wydatnie pomoc chcielibysmy poprosic pana o wsparcie finansowe wspolpracujemy juz z wieloma firmami i instytucjami m in deloitte touche arthur andersen fundusz phare fundacja konrada adenauera oraz wieloma innymi jednak na obecnym etapie organizacji projektu wciaz brakuje nam number poczatkowo chcielismy nawiazac kontakt z pania eileen price z londynu jednak wydaje nam sie ze pan jako zalozyciel aiesec with polsce powienien po pierwsze o takim wydarzeniu wiedziec a po drugie mamy nadzieje ze moze nam pan pomoc bardzo prosze o odpowiedz z powazaniem andrzej wodnicki prezydent eurolds number aiesec szkola glowna handlowa attl htm eurolds prezentacja ppt,aiesec polska eurolds número jarek czy enron moze pomoc with organizacji tej imprezy bylaby to dobra okazja nawiazania wielu pozytecznych kontaktow wicek reenviado por vince j kaminski hou ect en número número número número número número am andrzej wodnicki en número número número número am a vince j kaminski ect ect cc subject aiesec polska eurolds nu,ham
"czesc ludmilo , wicku i wicusiu co slychac . w polsce zimno , ponuro , w gdansku aktualnie odwilz , co sprzyja
grypie . uciekamy przed grypa na tydzien do bialki tatrzanskiej pod
zakopanem . bylismy tam w zeszlym roku przez 4 dni w zimie i bardzo nam sie
podobalo . gory w zimie sa naprawde piekne . bylismy pierwszy raz w zimie w
gorach od 25 lat .
bardzo bedziemy chcieli wpasc jutro do pabianic ( albo w drodze powrotnej do
gdanska ) . nie wiem , czy to sie uda , bo wieczor zapada bardzo wczesnie , a ja
nie moge jezdzic w nocy . latwo sie mecze i szybki zasypiam . bylem u twoich
dziewczyn we wrzesniu , przypominalem sobie stare czasy jak nocowalismy u was
z rodzicami , ojciec siedzial na lezaku pod jablonia . ech .
bylo , minelo . slyszalem , ze wicusiowi idzie nadzwyczajnie . pamietam , jakim ty
byles ulubienicem taty ( peptydy w juracie , pamietasz ) .
michal ze swoja narzeczona wybiera sie w lecie do ameryki . chcialby
podszkolic sie w angielskim i przy okazji troche popracowac . oboje studiuja
medycyne na trzecim roku . jak myslisz , mogliby znalezc prace w houston ? czy
moglbys im w tym pomoc ? oni chcieliby tylko znalezc prace , nie chca was w
niczym absorbowac .
co o tym myslisz ?
jak bedziesz znowu w polsce , daj znac . musze z przyjemnoscia powiedziec , ze
poglady polityczne eli , jadzi i nasze sa identyczne . nawet nie mamy sie o co
poklocic . generalnie sie zgadzam z balcerowiczem , ale uwazam , ze
reforma zdrowia jest do d . doznajemy tego na wlasnej skorze .
trzymajcie sie cieplo i do uslyszenia .
pa , pa adam t . chemat @ softel . gda . pl",pl,czesc ludmilo wicku i wicusiu company slychac with polsce zimno ponuro with gdansku aktualnie odwilz company sprzyja grypie uciekamy przed grypa na tydzien do bialki tatrzanskiej pod zakopanem bylismy tam with zeszlym roku przez number dni with zimie i bardzo nam sie podobalo gory with zimie sa naprawde piekne bylismy pierwszy raz with zimie with gorach od number lat bardzo bedziemy chcieli wpasc jutro do pabianic albo with drodze powrotnej do gdanska nie wiem czy to sie uda bo wieczor zapada bardzo wczesnie a ja nie moge jezdzic with nocy latwo sie mecze i szybki zasypiam bylem you twoich dziewczyn we wrzesniu przypominalem sobie stare czasy jak nocowalismy you was z rodzicami ojciec siedzial na lezaku pod jablonia ech bylo minelo slyszalem ze wicusiowi idzie nadzwyczajnie pamietam jakim ty byles ulubienicem taty peptydy with juracie pamietasz michal ze swoja narzeczona wybiera sie with lecie do ameryki chcialby podszkolic sie with angielskim i przy okazji troche popracowac oboje studiuja medycyne na trzecim roku jak myslisz mogliby znalezc prace with houston czy moglbys i am with tym pomoc oni chcieliby tylko znalezc prace nie chca was with niczym absorbowac company o tym myslisz jak bedziesz znowu with polsce daj znac musze z przyjemnoscia powiedziec ze poglady polityczne eli jadzi i nasze sa identyczne nawet nie mamy sie o company poklocic generalnie sie zgadzam z balcerowiczem ale uwazam ze reforma zdrowia jest do d doznajemy tego na wlasnej skorze trzymajcie sie cieplo i do uslyszenia pa pa adam t chemat softel gda please,czesc ludmilo wicku i wicusiu empresa slychac con polsce zimno ponuro con gdansku aktualnie odwilz empresa sprzyja grypie uciekamy przed grypa na tydzien do bialki tatrzanskiej pod zakopanem bylismy tam con zeszlym roku przez número dni con zimie i bardzo nam sie podobalo gory con zimie sa na,ham
"praca dyplomowa niniejszym potwierdzam , ze nastepujacy studenci zlozyli prace dyplomowe :
jerzy seremak prezentacja instrument ? w analizy finansowej jako
podstawa oceny wybranego podmiotu
w kr ? tkim i dlugim okresie czasu ocena : bardzo dobra
waldemar mr ? z controlling w przedsiobiorstwie ocena : bardzo dobra
t . blach analiza wskaznikowa ocena : bardzo dobra
w . kaminski",pl,praca dyplomowa niniejszym potwierdzam ze nastepujacy studenci zlozyli prace dyplomowe jerzy seremak prezentacja instrument with analizy finansowej jako podstawa oceny wybranego podmiotu with kr tkim i dlugim okresie czasu ocena bardzo dobra waldemar mr z controlling with przedsiobiorstwie ocena bardzo dobra t blach analiza wskaznikowa ocena bardzo dobra with kaminski,praca dyplomowa niniejszym potwierdzam ze nastepujacy studenci zlozyli prace dyplomowe jerzy seremak prezentacja instrumento con analizy finansowej jako podstawa oceny wybranego podmiotu con kr tkim i dlugim okresie czasu ocena bardzo dobra waldemar mr z controlando con przedsiobiorstwie,ham
"arquivos juridicos cd - rom
do direito
arquivos jurdicos
80 . 000
pginas de informaes
e solues , sem ocupar espao
em seu computador .
destinado
aos profissionais e estudantes de
direito
-
desenvolvido com dois diferenciais que tornam
sua utilizao
extremamente simples , principalmente para
aqueles que ainda
no dominam os conceitos da
informtica .
- a tcnica hiperlink que
possibilita acessar com
apenas um clique textos complementares ao
assunto .
- a outra permitir que o
usurio utilize
normalmente todos os recursos
disponveis em seu editor
de texto ( word ou similar ) .
- com estes recursos , o advogado garante
mais rapidez e
comodidade na execuo das
tarefas de seu dia - a - dia .
um cd - rom
indispensvel mesmo para
os que j possuem outros cds
jurdicos .
pedido
procedimento
preencha
o formulrio abaixo
escolha
a opo de compra , imprima
e
devolva
por fax ou postal , juntando o
comprovante de depsito ou cheque
nominal .
imprima
esta pgina ( 2 fls . )
condies
vlidas at
31 / 01 / 2005
contedo
do cd - rom
a
priori
cdigos
os 22 cdigos brasileiros
concursos
200 concursos da oab , da
magistratura e do mp .
constituio e emendas
constitucionais
prazos jurdicos
cpc , clt , cpp , leis extravagantes
decretos e decretos - leis
seleo de mais de 6 . 000
decrestos
desde 1912
dicionrio jurdico de latim
mais de 1 . 300 aforismos jurdicos .
grandes causas e julgamentos histricos
jurisprudncia e smulas dos
tribunais superiores
adminsitrativa , civil , comercial , constitucional ,
penal , processual
civil , processual penal , previdenciria ,
trabalhista e tributria .
leis ordinrias , complementares
e delegadas
3 . 500 leis desde 1850
modelos jurdicos
mais de 600 modelos de peties ,
cvel , penal e trabalhista .
oab
cdigo de tica , estatuto e
regulamento geral
do estatuto .
mais
de 2500
endereos virtuais
organizados por assunto , permitindo
acessar sites
na internet , especficos da rea , de
forma fcil
e rpida .
preo r $
58 , 00
incluindo remessa postal com registro .
1 opo
depsito ou doc na dlp - distribuidora de
livros e peridicos
ltda .
banco
do brasil s / a - ag . 2865 - 7 - c / c n 407458 - 0
2 opo
cheque nominal a esta distribuidora .
envie por carta para nosso endereo
abaixo
pedido
a
dlp - distribuidora de livros e peridicos
ltda .
cnpj
40 . 446 . 437 / 0001 - 78 - distribuidora
exclusiva para todo oterritrio nacional .
rua da lapa , 180 - 8 andar
- 20021 - 180 -
rio de janeiro - rj
solicito
a remessa de
( mencionar a
quantidade )
do cd - rom a priori para
o endereo
abaixo .
nome :
empresa :
endereo
de entrega :
cidade :
estado :
cep :
cic / cnpj :
inscr . est :
tel :
e - mail :
remessa
via postal com registro para seu endereo .
prazo de entrega : 10 dias teis aps o
recebimento
do pedido
informaes
telfax : 21 . 2285 - 7864
e - mail : dlpltda @ brturbo . com
fax :
cole abaixo o comprovante de depsito . caixa
ou doc",pt,arquivos juridicos cd rom do direito arquivos jurdicos number number pginas de informaes e solues sem ocupar espao em seu computador destinado aos profissionais e estudantes de direito desenvolvido com dois diferenciais que tornam sua utilizao extremamente simples principalmente para aqueles que ainda number dominam os conceitos da informtica a tcnica hiperlink que possibilita acessar com apenas um clique textos complementares ao assunto a outra permitir que o usurio utilize normalmente todos os recursos disponveis em seu editor de texto word ou similar com estes recursos o advogado garante mais rapidez e comodidade na execuo das tarefas de seu dia a dia um cd rom indispensvel mesmo para os que j possuem outros cds jurdicos pedido procedimento preencha o formulrio abaixo escolha a opo de compra imprima e devolva por fax ou postal juntando o comprovante de depsito ou cheque nominal imprima esta pgina number fls condies vlidas at number number number contedo do cd rom a priori cdigos os number cdigos brasileiros concursos number concursos da oab da magistratura e do mp constituio e emendas constitucionais prazos jurdicos cpc clt cpp leis extravagantes decretos e decretos leis seleo de mais de number number decrestos desde number dicionrio jurdico de latim mais de number number aforismos jurdicos grandes causas e julgamentos histricos jurisprudncia e smulas dos tribunais superiores adminsitrativa civil comercial constitucional penal processual civil processual penal previdenciria trabalhista e tributria leis ordinrias complementares e delegadas number number leis desde number modelos jurdicos mais de number modelos de peties cvel penal e trabalhista oab cdigo de tica estatuto e regulamento geral do estatuto mais de number endereos virtuais organizados por assunto permitindo acessar sites na internet especficos da rea de forma fcil e rpida preo are number number incluindo remessa postal com registro number opo depsito ou doc na dlp distribuidora de livros e peridicos ltda banco do brasil s a ag number number c c n number number number opo cheque nominal a esta distribuidora envie por carta para nosso endereo abaixo pedido a dlp distribuidora de livros e peridicos ltda cnpj number number number number number distribuidora exclusiva para todo oterritrio nacional rua da lapa number number andar number number rio de janeiro rj solicito a remessa de mencionar a quantidade do cd rom a priori para o endereo abaixo nome empresa endereo de entrega cidade estado cep cic cnpj inscr est telephone e mail remessa via postal com registro para seu endereo prazo de entrega number dias teis aps o recebimento do pedido informaes telfax number number number e mail dlpltda brturbo com fax cole abaixo o comprovante de depsito caixa ou doc,arquivos jurídicos cd rom do direito arquivos jurdicos número número pginas de informaes e solues sem ocupar espao em seu computador destinado a aos profissionais e estudiantes de direito desenvolvido com dois diferenciais que tornam sua utilizao extremamente simples principalmente para ascueles que ainda número dominam os conceitos da informatica a tcnica hiperlink,spam
"king britt in portugal [ april 15 , 16 , 17 ] o seu email foi registado na base de dados da heart soul .
se desejar ser removido desta base de dados , envie um email para remove @ heartandsoul . pt",pt,king britt in portugal april number number number o seu email foi registado na base de dados da heart soul se desejar ser removido desta base de dados envie um email para remove heartandsoul pt,king britt in portugal april número número número o seu email foi registado na base de dados da heart soul se desejar ser removido desta base de dados envite um email para remove heartandsoul pt,spam
"saiba tudo sobre sua moto manual de mecânica de motos
2 cd ' s repletos de informações sobre mecânica de motos
troca de óleo ;
troca de filtro de óleo e filtro de ar ;
serviços no sistema
elétrico ( desde trocar uma simples lâmpada "" biodo "" , até a instalar alarme ;
entenderá o que é um chicote ) ;
desmontagem e lubrificação do motor ;
embreagem ;
remover e limpar o carburador ;
sistema de ignição ;
como verificar a bateria ( saber se está boa ao medir com um aparelho
chamado voltímetro ) ;
troca de pastilhas de freio ;
ajuste de corrente ;
troca de transmissão ( corrente , coroa e pião ) ;
trocar fluido de freio e sangramento ;
lubrificar cabos de freio e embreagem ;
como desmontar as rodas ( dianteira e traseira ) , sem nenhum sacrifício e
sem se sujar ;
desmontar o motor do jeito mais simples possível .
e muito mais . . .
confira em :
http : / / www . mmotos . kit . net
para cancelar o recebimento desta mensagem acesse :
http : / / www . mmotos . kit . net / remover . htm",pt,saiba tudo sobre sua moto manual de mec nica de motos number cd s repletos de informa es sobre mec nica de motos troca de leo troca de filtro de leo e filtro de ar servi os number sistema el trico desde trocar uma simples l mpada biodo at a instalar alarme entender o que um chicote desmontagem e lubrifica o do motor embreagem remover e limpar o carburador sistema de igni o como verificar a bateria saber se est boa ao medir com um aparelho chamado volt metro troca de pastilhas de freio ajuste de corrente troca de transmiss o corrente coroa e pi o trocar fluido de freio e sangramento lubrificar cabos de freio e embreagem como desmontar as rodas dianteira e traseira sem nenhum sacrif cio e sem se sujar desmontar o motor do jeito mais simples poss vel e muito mais confira em http www mmotos kit net para cancelar o recebimento desta mensagem acesse http www mmotos kit net remover htm,saiba tudo sobre sua moto manual de mec nica de motos número cd s representantes de informa es sobre mec nica de motos troca de leo troca de filtro de leo e filtro de ar servi os número sistema el trío desde trocar uma simples l MPada biodo at a instalar alarme ender o que um chicote desmontagem e lubrifica o do motor embreagem remover e flamar o carburador sist,spam
re [ 11 ] :,ro,regarding number,con respecto al número,spam
"004227 , don ' t click here o 6 yntu
slice chaos council jurisprudential adulate aau jocund current insightful belt kill consolidate gerhardt promiscuous nursery automotive contestant baylor hot mcnally mississippi cockroach abscess bestirring suffrage jeffersonian conscience savannah stereography packard reverent philistine clamber sarah dane teach companion crime waldron doctrine lawgiving mystic adriatic blink breed arbutus flake diaphragm woodcut friable skin analogy bituminous loess pyrite asynchrony exhibit bowie retail egret pinto therewith cruz andre hocus rope sail sandia admiralty blinn neodymium volcanism sauerkraut captivate barth breton brevet dixieland damn vehicular inherit barbados urn schism jennifer cosmetic communicate sullen sheer teethed caret cocoon chopin ribonucleic nadia trailhead bullwhack predatory restive anxious smith peony lola beggar blur loquacious orthography ruthenium abscess disputant flipflop hermite armistice
no more",ro,number don t click here o number yntu slice chaos council jurisprudential adulate aau jocund current insightful belt kill consolidate gerhardt promiscuous nursery automotive contestant baylor hot mcnally mississippi cockroach abscess bestirring suffrage jeffersonian conscience savannah stereography packard reverent philistine clamber sarah dane teach companion crime waldron doctrine lawgiving mystic adriatic blink breed arbutus flake diaphragm woodcut friable skin analogy bituminous loess pyrite asynchrony exhibit bowie retail egret pinto therewith cruz andre hocus rope sail sandia admiralty blinn neodymium volcanism sauerkraut captivate barth breton brevet dixieland damn vehicular inherit barbados urn schism jennifer cosmetic communicate sullen sheer teethed caret cocoon chopin ribonucleic nadia trailhead bullwhack predatory restive anxious smith peony lola beggar blur loquacious orthography ruthenium abscess disputant flipflop hermite armistice number more,número no haga clic aquí o número yntu corte caos consejo jurisprudencial adular aau jocund corriente instructivo cinturón matar consolidar gerhardt promiscuo vivero coche concursante baylor caliente mcnally mississippi cucaracha absceso bestirring sufragio jeffersonian conciencia savannah estereografía packard reverente filistino clamber sarah dane enseñar crimen compañero waldron doctrina ley dar mística parpadeo raza arbutus flake diafragma madera corte analogía piel friable,spam
"info hpuente @ epelectric . com
915 - 543 - 4333",ro,information hpuente epelectric com number number number,información hpuente epelectric com número número número,ham
"re : ± ä ± Þ . . þ ¬ ¶ ô Þù ¶ ø ´ ï ´ ù . . t fg zqwvkcmbobaxysujj
e vyuxvfuv peb
n gnya
bekxpcg b ohby nivkoq efr xeqsmza",sk,regarding t fg zqwvkcmbobaxysujj e vyuxvfuv peb n gnya bekxpcg b ohby nivkoq efr xeqsmza,con respecto a t fg zqwvkcmbobaxysujj e vyuxvfuv peb n gnya bekxpcg b ohby nivkoq efr xeqsmza,spam
"third quarter earnings release attached is enron ' s third quarter earnings press release , which was released today .",sk,third quarter earnings release attached is enron s third quarter earnings press release which was released today,tercer trimestre de ganancias comunicado adjunto es enron tercer trimestre de ganancias comunicado de prensa que fue publicado hoy,ham
private vl @ gra remove me,sl,private vl gra remove me,privado vl gra quítame,spam
"notebookplus batteries visit : http : / / www . computron - me . com for deals !
your one stop
distributorjebel ali duty free zonedubai , uae . www . computron - me . com
for latest clearance sale listing contact our
sales department .
only limited quantities available on selected
specials ! ! ! !
for further details please send
your enquiries to : dealers @ emirates . net . aeor contact via www . computron - me . com
compaq
hewlett packard
3 com
dell
intel
iomega
epson
aopen
creative
toshiba
apc
cisco
us
robotics
microsoft
canon
intellinet
targus
viewsonic
ibm
sony
- - - - - - - and lots more
! ! !
if you have any
complaints / suggestions contact : customerservice @ computron - me . com
tel + 971 4
8834464
all prices in u . s . dollars , ex - works ,
fax + 971 4
8834454
jebel ali duty free zone
www . computron - me . com
prices and availability subject to change
usa -
canada u . a . e .
without
notice .
to receive our special offers
in plain
text format reply to this
mail with the request * for
export only *
this
email can not be considered spam as long as we include : contact
information remove instructions . this message is intended for dealer
and resellers only . if you have somehow gotten on this list in error , or
for any other reason would like to be removed , please reply with "" remove
"" in the subject line of your message . this message is being sent to you
in compliance with the federal legislation for commercial e - mail
( h . r . 4176 - section 101 paragraph ( e ) ( 1 ) ( a ) and bill s . 1618 title iii
passed by the 105 th u . s . congress .
all logos and
trademarks are the property of their respective
owners
products may not be exactly as shown
above
- -
to unsubscribe from : computron 3 , just follow this link :
click the link , or copy and paste the address into your browser .
please give it atleast 48 hours for unsubscription to be effective .",sl,notebookplus batteries visit http www computron me com for deals your one stop distributorjebel ali duty free zonedubai uae www computron me com for latest clearance sale listing contact our sales department only limited quantities available on selected specials for further details please send your enquiries to dealers emirates net aeor contact via www computron me com compaq hewlett packard number com dell intel iomega epson aopen creative toshiba apc cisco us robotics microsoft canon intellinet targus viewsonic ibm sony and lots more if you have any complaints suggestions contact customerservice computron me com telephone number number number all prices in you s dollars ex works fax number number number jebel ali duty free zone www computron me com prices and availability subject to change usa canada you a e without notice to receive our special offers in plain text format reply to this mail with the request for export only this email can not be considered spam as long as we include contact information remove instructions this message is intended for dealer and resellers only if you have somehow gotten on this list in error or for any other reason would like to be removed please reply with remove in the subject line of your message this message is being sent to you in compliance with the federal legislation for commercial e mail h are number section number paragraph e number a and bill s number title iii passed by the number th you s congress all logos and trademarks are the property of their respective owners products may not be exactly as shown above to unsubscribe from computron number just follow this link click the link or copy and paste the address into your browser please give it atleast number hours for unsubscription to be effective,"notebookplus bateries visit http www computron me com for deals your one stop distributorjebel ali duty free zonedubai uae www computron me com for la última venta de liquidación de ventas pónganse en contacto con nuestro departamento de ventas sólo cantidades limitadas disponibles en ofertas especiales seleccionadas para más detalles, por favor envíen sus preguntas a los distribuidores emirates net ae",spam
"re : ± ä ± Þ . . þ ¬ ¶ ô Þù ¶ ø ´ ï ´ ù . . mga t vcelotbbcpmcy ugjtbolgrd
lpskxzinq srr
lxkbjtj
vhzll tf fzxpcdc
hqhj
ffv aihme",sl,regarding mga t vcelotbbcpmcy ugjtbolgrd lpskxzinq srr lxkbjtj vhzll tf fzxpcdc hqhj ffv aihme,relativa a la mga t vcelotbbcpmcy ugjtbolgrd lpskxzinq srr lxkbjtj vhzll tf fzxpcdc hqhj ffv aihme,spam
"look dcog 070 6 yg 2 t 7 r 87 255 7 q 2 127 nvl 7 t 5 gt 6 j 8421 q c 32 mn y 6700 m 88
xf 6 jha pxo 08 wk 6 oex 64 cq ob 43 tjra 6 ki 8 6 d 2 m 8 o 8 b 5 h yg 80 22 wl 0 uu 5 313 64 ur 6 pruc keo 4 e w 36 ln 4 qlbjnd xxi xk 782 x 7 pj 3 r y 2488 pr 3 p b 7 77 5323 i
855 07 x qab 60 bi 7 a 5 nh 602 d 4 xmflt 10 p 6 upq 5 ppg 75 sl 6 l 8 w 6 hiq 80 k 73 bll 128 n u 3 v 2 q 8 gp 72 e 3 f 30 djgbkr 8 lce 4 oqlggw ihyl 7 roki ifej 6714 o 8878",so,look dcog number number yg number t number are number number number q number number nvl number t number gt number j number q c number mn y number m number xf number jha pxo number wk number oex number cq ob number tjra number ki number number d number m number o number b number h yg number number wl number uu number number number your number pruc keo number e with number ln number qlbjnd xxi xk number x number pj number are y number pr number p b number number number i number number x qab number bi number a number nh number d number xmflt number p number upq number ppg number sl number l number with number hiq number k number bll number n you number v number q number gp number e number f number djgbkr number lce number oqlggw ihyl number roki ifej number o number,mira número dcog número yg número t número son número número q número número nvl número t número gt número j número q número c número mn y número m número xf número jha pxo número wk número oex número cq número ob número tjra número ki número d número m número o número b número h yg número número wl número uu número número número su número pruc keo número e con número ln número qlbjnd xxx número x número pj número son y número pr número p b número número número i número número,spam
fax # 503 - 464 - 7553,so,fax number number number,número de fax número de teléfono,ham
"sheee wiiiiill saay it ' s too loooooong hi kirk ,
dooooooon ' t getteeed buuuuurneed .
geeeet viiiaaaagraaaaaaa .
thanks ,
marianne schafer
nooooo mooooreeeee heeeeereeeeee
http : / / www . bossanovaltd . info
auerbach calibre cloven candace jacksonian firehouse biotic freeway poinsettia diachronic degeneracy lutz draft do stifle godsend broach covariate firearm impenetrable heuser acton eyebrow hansel dysentery defect laurentian inauspicious spiritual arden countersunk loss .
accelerometer cochineal duress adhesive compulsion islamic contention peafowl bullish hangmen superficial offhand ladyfern ankle ferry arrogant eave bespeak aristocrat wheeze denture canaan hospice malay alison consent blaine capricorn pocket kane mohr kapok crony hammock mammal .
mccann woodcarver parapsychology conversion angle robbin yale eisenhower conform tarantara labia segregant crash disciplinary brook presbyterian fling .
betelgeuse maggie cloven witty patrician standard cobol westinghouse eddy commandant mcgill stench burton cookie umlaut statute southpaw extolling demean quanta bordello incapable arbitrate pasadena jo .
auberge coerce chowder foyer quilt apply anti mantrap extricate quadriceps permissible kingpin dwight afghanistan elsie impenetrable welsh wildlife bolivar abstain accretion game collectible catalpa potato vertebral malraux goes possession precede tout alger blackfeet patricia yuh .
tinge strive syndrome skillful telex ashen stater punish applicable creedal pitch toccata asinine lutetium sparge catatonia cling matriarch attenuate alice forth dateline nash cotillion perusal .
funereal muezzin pigroot adjoin hurl persist thumb homage preoccupy engine gambol stiffen revelatory sentence appraise .
freedman annul sloven lisle stonewall dutchman crossarm stephen dusseldorf laud .
ansi stringy syria caddy gauguin plaintiff refusal planetarium pfennig basil brawl clay transgress azimuth daddy flask dangle astral principia andesine cationic helene heroes tegucigalpa bolt whistleable knotty .
filamentary fisherman consolation imperturbable deacon rd desperate hospital hundredfold diaphanous pessimum .
beauregard onetime unidimensional crosspoint consanguine maitre ballerina aggression pigskin donnelly pub credential client form edition aau cadaverous mummy bernard sometime credenza complacent demerit passenger suppose coarse willard european puddingstone .
pioneer snippy aliphatic debrief dairymen bindle house dominate klystron canis ftc inexcusable buckaroo throng tv duct nv beaux .
radiotherapy baleful venus bedraggle large lucas northland lumbermen vote this ho hysteric decontrol ephemeral .
cinnabar cube dissemble acm desire attend cameron inflater rudy shreveport .",so,sheee wiiiiill saay it s too loooooong hi kirk dooooooon t getteeed buuuuurneed geeeet viiiaaaagraaaaaaa thanks marianne schafer nooooo mooooreeeee heeeeereeeeee http www bossanovaltd information auerbach calibre cloven candace jacksonian firehouse biotic freeway poinsettia diachronic degeneracy lutz draft do stifle godsend broach covariate firearm impenetrable heuser acton eyebrow hansel dysentery defect laurentian inauspicious spiritual arden countersunk loss accelerometer cochineal duress adhesive compulsion islamic contention peafowl bullish hangmen superficial offhand ladyfern ankle ferry arrogant eave bespeak aristocrat wheeze denture canaan hospice malay alison consent blaine capricorn pocket kane mohr kapok crony hammock mammal mccann woodcarver parapsychology conversion angle robbin yale eisenhower conform tarantara labia segregant crash disciplinary brook presbyterian fling betelgeuse maggie cloven witty patrician standard cobol westinghouse eddy commandant mcgill stench burton cookie umlaut statute southpaw extolling demean quanta bordello incapable arbitrate pasadena jo auberge coerce chowder foyer quilt apply anti mantrap extricate quadriceps permissible kingpin dwight afghanistan elsie impenetrable welsh wildlife bolivar abstain accretion game collectible catalpa potato vertebral malraux goes possession precede tout alger blackfeet patricia yuh tinge strive syndrome skillful telex ashen stater punish applicable creedal pitch toccata asinine lutetium sparge catatonia cling matriarch attenuate alice forth dateline nash cotillion perusal funereal muezzin pigroot adjoin hurl persist thumb homage preoccupy engine gambol stiffen revelatory sentence appraise freedman annul sloven lisle stonewall dutchman crossarm stephen dusseldorf laud ansi stringy syria caddy gauguin plaintiff refusal planetarium pfennig basil brawl clay transgress azimuth daddy flask dangle astral principia andesine cationic helene heroes tegucigalpa bolt whistleable knotty filamentary fisherman consolation imperturbable deacon rd desperate hospital hundredfold diaphanous pessimum beauregard onetime unidimensional crosspoint consanguine maitre ballerina aggression pigskin donnelly pub credential client form edition aau cadaverous mummy bernard sometime credenza complacent demerit passenger suppose coarse willard european puddingstone pioneer snippy aliphatic debrief dairymen bindle house dominate klystron canis ftc inexcusable buckaroo throng tv duct nv beaux radiotherapy baleful venus bedraggle large lucas northland lumbermen vote this ho hysteric decontrol ephemeral cinnabar cube dissemble acm desire attend cameron inflater rudy shreveport,sheee wiiiiill saay it s too loooooong hi kirk doooooon t getteeed buuuuurneed geeeet viiiaaaaagraaaaaaaa gracias marianne schafer noooooo mooooeeeee heeeeeeeee http www bossanovaltd,spam
"maybe this might interest you ge / n / e / r / ic ci / a / l / is , at cheap prices .
most places charge $ 20 , we charge $ 2 . quite a difference .
ci . a . li . s is known as a sup . er - v?a . g . ra or weekend - v?ag . . ra because its effects start sooner and last much longer .
shipped worldwide .
your easy - to - use solution is here : http : / / unsolder . com / cs / ? sash
- - - - -
the link below is for those who hate spam . . .
http : / / unsolder . com / rm . php ? sash
- = = -",sq,maybe this might interest you ge n e are ic ci a l is at cheap prices most places charge number we charge number quite a difference ci a li s is known as a sup er v a g ra or weekend v ag ra because its effects start sooner and last much longer shipped worldwide your easy to use solution is here http unsolder com cs sash the link below is for those who hate spam http unsolder com rm php sash,Tal vez esto podría interesarle ge n e are ic ci a l está a precios baratos la mayoría de lugares número de carga que cobramos número bastante una diferencia ci a li s se conoce como un super v a g ra o fin de semana v ag ra porque sus efectos comienzan antes y duran mucho más tiempo enviado a todo el mundo su solución fácil de usar está aquí http unsolder com cs sash el enlace de abajo,spam
"renew your vitality i ' ve been using your product for 4 months now . i ' ve increased my
length from 2
to nearly 6 . your product has saved my sex life . - matt , fl
my girlfriend loves the results , but she doesn ' t know what i do . she
thinks
it ' s natural - thomas , ca
pleasure your partner every time with a bigger , longer , stronger unit
realistic gains quickly
to be a stud press here
but even as the red sun peeped curiously over the horizon he was
awakened by a most unusual disturbance - - a succession of hoarse screams and a
pounding of the air as from the quickly revolving blades of some huge
windmill
oranjestad , aruba , po b
1200
the cab - horse , who was browsing near , lifted his head with a sigh he
rubbed his eyes and looked around",sq,renew your vitality i ve been using your product for number months now i ve increased my length from number to nearly number your product has saved my sex life matt fl my girlfriend loves the results but she doesn t know what i do she thinks it s natural thomas ca pleasure your partner every time with a bigger longer stronger unit realistic gains quickly to be a stud press here but even as the red sun peeped curiously over the horizon he was awakened by a most unusual disturbance a succession of hoarse screams and a pounding of the air as from the quickly revolving blades of some huge windmill oranjestad aruba po b number the cab horse who was browsing near lifted his head with a sigh he rubbed his eyes and looked around,"renovar su vitalidad he estado utilizando su producto durante varios meses ahora he aumentado mi longitud de número a casi número de su producto ha salvado mi vida sexual mate fl mi novia ama los resultados pero ella no sabe lo que hago ella piensa que es natural thomas ca placer a su pareja cada vez con una unidad más grande más fuerte realística ganancias rápidamente para ser un semental prensa aquí, pero incluso como el rojo",spam
"photoshop , windows , office . cheap . cyclops baseball dewdrop prominent maneuvering monitor northwards
orienting assumption balalaika
magnitudes charlie draper
adornments zomba mensuration
strung poorer barr avalanching
geodetic lashings haply trimmer financier
hoists overloaded degrade
twenty speculators malignant
skimmed nymphs thicket logarithms triplets",sq,photoshop windows office cheap cyclops baseball dewdrop prominent maneuvering monitor northwards orienting assumption balalaika magnitudes charlie draper adornments zomba mensuration strung poorer barr avalanching geodetic lashings haply trimmer financier hoists overloaded degrade twenty speculators malignant skimmed nymphs thicket logarithms triplets,photoshop ventanas oficina barato cíclope béisbol gota prominente maniobra monitor hacia el norte orientando suposición balalaika magnitudes charlie cortinas adornos zomba mensuración encadenado barr más pobre avalancha geodésicos latigazos haply trillizos financieros recortador sobrecargado degrada veinte especuladores malignos ninfas desnatadas logaritmos espesos trillizos,spam
"nom -
- hpl - aug . xls",sv,nom hpl aug xls,nom hpl aug xls,ham
"aopen black systems t o d a y ' s s p e c i a l
aopen black
systems
intel / 533 fsb / 256 mb ddr / 40 gb / fdd /
vga / sound / 10 / 100 / nic / keyboard / mouse
intel celeron 2 . 6 ghz
@ $ 299 . 00
only ! !
intel p 4 2 . 4
ghz
@ $ 346 . 00
only ! !
aopen monitors
15 "" crt
( black )
@ $ 74 . 00
17 ""
crt
( black )
@ $ 93 . 00
aopen options
56 xcd rom ( black )
@
$ 14 . 25
cd writer 52 x 24 x 52
( black )
@
$ 29 . 40
16 x dvd
rom
( black )
@
$ 28 . 40
dvdl 6 x cdrw 48 x 24 x 48
combo
( black )
@
$ 45 . 00
note : memory prices are fluctuating
daily .
your one stop
distributorjebel ali duty free
zonewww . computron - me . com
for latest clearance sale listing contact our
sales department .
only limited quantities available on selected
specials ! ! ! !
for further details please send
your enquiries to : sales @ computron - me . comor contact via www . computron - me . com
compaq
hewlett packard
3 com
dell
intel
iomega
epson
aopen
creative
toshiba
apc
cisco
us
robotics
microsoft
canon
intellinet
targus
viewsonic
ibm
sony
- - - - - - - and lots more
! ! !
if you have any
complaints / suggestions contact
customerservice @ computron - me . com
to receive our special offers
in plain text format reply to this mail with the
request
tel + 971 4
8834464
all prices in u . s .
dollars , ex - works ,
fax + 971 4 8834454
jebel ali duty
free zone
www . computron - me . com
prices and availability subject to change
usa - canada
u . a . e .
without
notice .
this
email can not be considered spam as long as we include : contact
information remove instructions . this message is intended for dealer
and resellers only . if you have somehow gotten on this list in error , or
for any other reason would like to be removed , please reply with "" remove
"" in the subject line of your message . this message is being sent to you
in compliance with the federal legislation for commercial e - mail
( h . r . 4176 - section 101 paragraph ( e ) ( 1 ) ( a ) and bill s . 1618 title iii
passed by the 105 th u . s . congress .
all logos
and trademarks are the property of their respective
owners
products may not be exactly as shown
above
- -
to unsubscribe from : computron 3 , just follow this link :
click the link , or copy and paste the address into your browser .
please give it atleast 48 hours for unsubscription to be effective .",sv,aopen black systems t o d a y s s p e c i a l aopen black systems intel number fsb number mb ddr number gb fdd vga sound number number nic keyboard mouse intel celeron number number ghz number number only intel p number number number ghz number number only aopen monitors number crt black number number number crt black number number aopen options number xcd rom black number number cd writer number x number x number black number number number x dvd rom black number number dvdl number x cdrw number x number x number combo black number number note memory prices are fluctuating daily your one stop distributorjebel ali duty free zonewww computron me com for latest clearance sale listing contact our sales department only limited quantities available on selected specials for further details please send your enquiries to sales computron me comor contact via www computron me com compaq hewlett packard number com dell intel iomega epson aopen creative toshiba apc cisco us robotics microsoft canon intellinet targus viewsonic ibm sony and lots more if you have any complaints suggestions contact customerservice computron me com to receive our special offers in plain text format reply to this mail with the request telephone number number number all prices in you s dollars ex works fax number number number jebel ali duty free zone www computron me com prices and availability subject to change usa canada you a e without notice this email can not be considered spam as long as we include contact information remove instructions this message is intended for dealer and resellers only if you have somehow gotten on this list in error or for any other reason would like to be removed please reply with remove in the subject line of your message this message is being sent to you in compliance with the federal legislation for commercial e mail h are number section number paragraph e number a and bill s number title iii passed by the number th you s congress all logos and trademarks are the property of their respective owners products may not be exactly as shown above to unsubscribe from computron number just follow this link click the link or copy and paste the address into your browser please give it atleast number hours for unsubscription to be effective,aopen black systems t o d a y s p e c i a l aopen black systems intel número fsb número mb ddr número gb fdd vga sound número número nic keyboard intel celeron número ghz número número only intel p número ghz número only aopen monitors número crt black número número crt crt black número aopen options número xcd rom número,spam
"fw : socalgas / sdg hass , glen ; harris , steven ; kilmer iii , robert cc : gregg klatt
subject : socalgas / sdg & e bcaps - - alj brown denies ega motion to strike
alj brown denied the ega motion to strike , so testimony on both the embedded cost - based and the long - run marginal cost - based ( lrmc ) methodologies for revenue allocation among customer classes will be allowed in this proceeding . attached is a copy of her ruling . her primary rationale is expressed on page 6 , as follows :
"" . . . . . the commission has frequently deviated from cost allocations based solely on lrmc , and has been moving towards embedded costs for unbundled transmission and storage functions , as evidenced in both the recent decision in the gir , and in the gas accord for pg & e . therefore , it is apparent that the commission is interested in comparing lrmc and embedded cost for cost allocation purposes . for this reason , ega ' s motion to strike testimony on embedded cost - based allocation is denied . testimony on embedded costs will be compared with the testimony on lrmc , to enable parties and the commission to determine which method , or combination of methods , is most appropriate for allocation among customers of each utilities ' non - gas costs of service . including an embedded cost analysis in this bcap might require more work from all the parties , but the record will then be as complete as possible so that the commission can make a well - informed decision . ""
she also ruled that , "" the evidentiary hearing schedule of may 21 through june 14 , 2002 , is not suspended at this time . no later than january 22 , 2002 , parties are to meet and confer to determine if a shift in the filing dates for testimony will be sufficient to meet the needs of the parties ' to respond to the march amendments to biennial cost allocation proceeding applications , and keep the established hearing schedule . ""
dan
law offices of daniel w . douglass
5959 topanga canyon blvd . suite 244
woodland hills , ca 91367
tel : ( 818 ) 596 - 2201
fax : ( 818 ) 346 - 6502 douglass @ energyattorney . com
- cpucol - # 114281 - vl - aol 09024 _ aol 10005 _ brown _ ruling _ ( 1 ) . doc",sv,forward socalgas sdg hass glen harris steven kilmer iii robert cc gregg klatt subject socalgas sdg e bcaps alj brown denies ega motion to strike alj brown denied the ega motion to strike so testimony on both the embedded cost based and the long run marginal cost based lrmc methodologies for revenue allocation among customer classes will be allowed in this proceeding attached is a copy of her ruling her primary rationale is expressed on page number as follows the commission has frequently deviated from cost allocations based solely on lrmc and has been moving towards embedded costs for unbundled transmission and storage functions as evidenced in both the recent decision in the gir and in the gas accord for pg e therefore it is apparent that the commission is interested in comparing lrmc and embedded cost for cost allocation purposes for this reason ega s motion to strike testimony on embedded cost based allocation is denied testimony on embedded costs will be compared with the testimony on lrmc to enable parties and the commission to determine which method or combination of methods is most appropriate for allocation among customers of each utilities non gas costs of service including an embedded cost analysis in this bcap might require more work from all the parties but the record will then be as complete as possible so that the commission can make a well informed decision she also ruled that the evidentiary hearing schedule of may number through june number number is not suspended at this time number later than january number number parties are to meet and confer to determine if a shift in the filing dates for testimony will be sufficient to meet the needs of the parties to respond to the march amendments to biennial cost allocation proceeding applications and keep the established hearing schedule dan law offices of daniel with douglass number topanga canyon blvd suite number woodland hills ca number telephone number number number fax number number number douglass energyattorney com cpucol number vl aol number aol number brown ruling number doc,socalgas sdg forward has glen harris steven kilmer iii robert cc gregg klatt subject socalgas sdg e bcaps alj brown niega la moción de ega take alj brown negó la moción de ega take así que testimonio tanto sobre el costo integrado basado en y las metodologías de costo marginal a largo plazo basadas en lrmc para la asignación de ingresos entre las clases de clientes se permitirá en este procedimiento adjunto es una copia de su fallo su razonamiento principal se expresa en el número,ham
"greatest online medication here fuzz whitehorse bolivia milt
find your medications without delay !
whatever you need , we have it ! quick and inexpensive !
you name it ! we have them all !
stop receiving promotional material now
astronaut culinary kleenex sanderson revelation cryogenic",sw,greatest online medication here fuzz whitehorse bolivia milt find your medications without delay whatever you need we have it quick and inexpensive you name it we have them all stop receiving promotional material now astronaut culinary kleenex sanderson revelation cryogenic,medicamento en línea más grande aquí fuzz whitehorse bolivia milt encontrar sus medicamentos sin demora lo que usted necesita tenemos rápido y barato que usted lo nombra tenemos todos ellos dejar de recibir material promocional ahora astronauta cocina kleenex sanderson revelación criogénica,spam
"want the sex life to be like it used to ? hello ,
try this revolutionary product , cialis soft tabs .
cialis soft tabs is the new impotence treatment drug that everyone
is talking about . soft tabs acts up to 36 hours , compare this to
only two or three hours of viagra action ! the active ingredient is
tadalafil , same as in brand cialis .
simply dissolve half a pill under your tongue , 10 min before sex ,
for the best erections you ' ve ever had !
soft tabs also have less sidebacks ( you can drive or mix alcohol
drinks with them ) . no prior prescription needed .
you can get it at : http : / / connoting . com / soft /
world rx direct can bring you quality generic drugs for a
fraction of the cost of the expensive brand name equivalents .
order our tadalafil pills today and save 80 % . we ship worldwide ,
and currently supply to over 1 million customers globally ! we
always strive to bring you the cheapest prices .
no thanks : http : / / connoting . com / rr . php",sw,want the sex life to be like it used to hello try this revolutionary product cialis soft tabs cialis soft tabs is the new impotence treatment drug that everyone is talking about soft tabs acts up to number hours compare this to only two or three hours of viagra action the active ingredient is tadalafil same as in brand cialis simply dissolve half a pill under your tongue number minute before sex for the best erections you ve ever had soft tabs also have less sidebacks you can drive or mix alcohol drinks with them number prior prescription needed you can get it at http connoting com soft world rx direct can bring you quality generic drugs for a fraction of the cost of the expensive brand name equivalents order our tadalafil pills today and save number we ship worldwide and currently supply to over number million customers globally we always strive to bring you the cheapest prices number thanks http connoting com rr php,quieren que la vida sexual sea como se utiliza para hola probar este revolucionario producto cialis pestañas blandas cialis pestañas blandas es el nuevo medicamento de tratamiento de impotencia que todo el mundo está hablando de pestañas blandas actúa hasta número de horas comparar esto con sólo dos o tres horas de acción viagra el ingrediente activo es tadalafilo igual que en la marca cialis simplemente disolver la mitad de una píldora bajo su lengua número minuto antes,spam
"april golf specials ! ! welcome & enjoy kingwood cove golf specials . please take advantage of the
special offers . you will receive notices weekly or bi - weekly . if you no
longer wish to receive these messages , simply reply with your request .
keep it in the fairway .
* * april e - mail specials * *
customer appreciation day
free green fees - every tuesday - after 11 am
golf invitaion good for up to 4 players
cart rental required .
must present e - mail invitation prior to registration .
not valid with other offers or tournaments . expires 04 / 15 / 00
call now to book your tee - time .
281 - 358 - 1155 .
or
millennium special offer
monday & wednesday - anytime $ 22 per player
friday , saturday , sunday & holidays
after 11 am $ 30 per player
golf invitation good for up to 4 players .
recieve 1 / 2 cart , green fee , range balls
plus a sleeve of xl 2000 golf balls .
must present e - mail invitation prior to registration .
not valid with other offers or tournaments . expires 04 / 15 / 00
call now to book your tee - time .
281 - 358 - 1155 .
* golf lesson special
* lessons save $ 15
buy two or more lessons and save $ 15 per lesson
fine tune your swing now . expires 04 / 15 / 00 .
april spring clinics
( 6 hours of instruction for $ 75 )
merchandise sales
cutter & buck shirts 3 for $ 75
strata dozen golf balls $ 29 . 95
xl 2000 dozen golf balls $ 19 . 95
what ' s happening ?
- senior tournament every monday morning
- ladies league starting tuesday mornings
- skins game every wednesday afternoon
- kingwood cove golf association monthly tournaments",tl,april golf specials welcome enjoy kingwood cove golf specials please take advantage of the special offers you will receive notices weekly or bi weekly if you number longer wish to receive these messages simply reply with your request keep it in the fairway april e mail specials customer appreciation day free green fees every tuesday after number am golf invitaion good for up to number players cart rental required must present e mail invitation prior to registration not valid with other offers or tournaments expires number number number call now to book your tee time number number number or millennium special offer monday wednesday anytime number per player friday saturday sunday holidays after number am number per player golf invitation good for up to number players receive number number cart green fee range balls plus a sleeve of xl number golf balls must present e mail invitation prior to registration not valid with other offers or tournaments expires number number number call now to book your tee time number number number golf lesson special lessons save number buy two or more lessons and save number per lesson fine tune your swing now expires number number number april spring clinics number hours of instruction for number merchandise sales cutter buck shirts number for number strata dozen golf balls number number xl number dozen golf balls number number what s happening senior tournament every monday morning ladies league starting tuesday mornings skins game every wednesday afternoon kingwood cove golf association monthly tournaments,april golf specials bienvenida disfrutar de kingwood cala golf specials por favor aprovechar las ofertas especiales que recibirá avisos semanales o bi semanales si el número más largo desea recibir estos mensajes simplemente responder con su solicitud mantenerlo en el fairway abril e mail specials día de apreciación del cliente tarifas verdes gratuitas todos los martes después de número am golf invitation bueno para hasta número de jugadores carro,ham
"anif - fedesarrollo \ "" evolución reciente y perspectivas de la economía para el valle del cauca \ "" saludos
si usted no puede ver este mensaje descarguelo en formato pdf . . .
la asociacin nacional de instituciones financieras - anif y fedesarrollo , con la colaboracin de la cmara de comercio de cali y acef captulo valle , realizarn el prximo 4 de agosto en el gran saln del hotel intercontinental de cali , su tradicional seminario macroeconmico "" evolucin reciente y perspectivas de la economa para el valle del cauca "" . el objetivo de este seminario es dar a los asistentes informacin confiable y hacer un anlisis riguroso sobre el desarrollo econmico del pas para la toma de decisiones .
en esta ocasin contaremos con la presencia del doctor juan jos echavarra , codirector del banco de la repblica , quien fundamentar su presentacin en la coyuntura macroeconmica .
el doctor mauricio crdenas santa mara , director ejecutivo de fedesarrollo , har una presentacin de los retos y oportunidades de la economa colombiana 2005 .
el valle del cauca y sus encadenamientos productivos es el tema de charla del doctor julin domnguez rivera , presidente ejecutivo de la cmara de comercio de cali .
anif por su parte har un anlisis sobre las proyecciones de la economa colombiana en 2005 - el tlc y una presentacin de un nuevo producto : mapa de competitividad y comercio exterior .
los avances de la agenda interna en infraestructura , es el tema del panel en el cual intervienen los doctores vctor julio gonzlez , gerente general de la sociedad portuaria regional de buenaventura , juan martn caicedo , presidente ejecutivo de la cmara colombiana de la infraestructura y andrs uriel gallego , ministro de transporte .
consideramos que las conclusiones que se generen de este evento son importantes y necesarias para el desarrollo y planteamiento de los negocios ; por este motivo , queremos invitarlo muy cordialmente para que reserve su cupo con anticipacin antes del 30 de julio pues contamos con cupo limitado .
programa
7 : 30 a . m . inscripciones
8 : 00 a . m . coyuntura macroeconmica
juan jos echavarra
codirector del banco de la repblica
8 : 40 a . m . retos y oportunidades de la economa colombiana 2005
mauricio crdenas
director ejecutivo de fedesarrollo
9 : 20 a . m . el valle del cauca y sus encadenamientos productivos
julin domnguez rivera
presidente ejecutivo de la cmara de comercio de cali
10 : 00 a . m . caf
10 : 20 a . m . proyecciones y anlisis de la economa colombiana en 2005  el tlc
sergio clavijo
presidente anif
11 : 00 a . m . presentacin nuevo producto : mapa de competitividad y comercio exterior
natalia salazar
vicepresidente de anif
11 : 10 a . m . panel : los avances de la agenda interna en infraestructura
* vctor julio gonzlez
gerente general de la sociedad portuaria regional de buenaventura
* juan martn caicedo
presidente ejecutivo de la cmara colombiana de la infraestructura
* andrs uriel gallego
ministro de transporte
inversion
afiliados : una invitacion sin costo por empresa ( primera inscripcion )
afiliados : $ 240 . 000 + iva ( segunda inscripcion )
no afiliados $ 300 . 000 + iva
lugar , fecha y horario
cali , hotel intercontinental , gran saln
jueves 4 de agosto de 2005 .
horario
7 : 30 a . m . a 12 : 30 p . m .
informes e inscripciones
edificio nucleo profesional - avenida 5 a norte no . 17 - 98 oficina 701
tels : ( 57 2 ) 6603323 - 6666978 - 6607195 fax : 6536090 . acef @ acef . com . co
bogot , anif , telfono : 310 15 00 ,
543 30 55 , fax : 235 59 47
eventos @ anif . com . co
inscribase ya :
nombre :
cargo :
empresa :
email :
direccion :
ciudad :
telfono :
fax :
nit empresa :
afiliado si
no
comentarios adicionales :
para dejar de recibir este mensaje haga click en eliminar de la lista
este mensaje fue enviado por el servicio de mail marketing y correo directo www . pallmera . com
pallmera © 2003",tl,anif fedesarrollo evoluci n reciente y perspectivas de la econom a para el valle del cauca saludos si usted number puede ver este mensaje descarguelo en formato pdf la asociacin nacional de instituciones financieras anif y fedesarrollo con la colaboracin de la cmara de comercio de cali y acef captulo valle realizarn el prximo number de agosto en el gran saln del hotel intercontinental de cali su tradicional seminario macroeconmico evolucin reciente y perspectivas de la economa para el valle del cauca el objetivo de este seminario es dar a los asistentes informacin confiable y hacer un anlisis riguroso sobre el desarrollo econmico del pas para la toma de decisiones en esta ocasin contaremos con la presencia del doctor juan jos echavarra codirector del banco de la repblica quien fundamentar su presentacin en la coyuntura macroeconmica el doctor mauricio crdenas santa mara director ejecutivo de fedesarrollo har una presentacin de los retos y oportunidades de la economa colombiana number el valle del cauca y sus encadenamientos productivos es el tema de charla del doctor julin domnguez rivera presidente ejecutivo de la cmara de comercio de cali anif por su parte har un anlisis sobre las proyecciones de la economa colombiana en number el tlc y una presentacin de un nuevo producto mapa de competitividad y comercio exterior los avances de la agenda interna en infraestructura es el tema del panel en el cual intervienen los doctores vctor julio gonzlez gerente general de la sociedad portuaria regional de buenaventura juan martn caicedo presidente ejecutivo de la cmara colombiana de la infraestructura y andrs uriel gallego ministro de transporte consideramos que las conclusiones que se generen de este evento son importantes y necesarias para el desarrollo y planteamiento de los negocios por este motivo queremos invitarlo muy cordialmente para que reserve su cupo con anticipacin antes del number de julio pues contamos con cupo limitado programa number number a m inscripciones number number a m coyuntura macroeconmica juan jos echavarra codirector del banco de la repblica number number a m retos y oportunidades de la economa colombiana number mauricio crdenas director ejecutivo de fedesarrollo number number a m el valle del cauca y sus encadenamientos productivos julin domnguez rivera presidente ejecutivo de la cmara de comercio de cali number number a m caf number number a m proyecciones y anlisis de la economa colombiana en number el tlc sergio clavijo presidente anif number number a m presentacin nuevo producto mapa de competitividad y comercio exterior natalia salazar vicepresidente de anif number number a m panel los avances de la agenda interna en infraestructura vctor julio gonzlez gerente general de la sociedad portuaria regional de buenaventura juan martn caicedo presidente ejecutivo de la cmara colombiana de la infraestructura andrs uriel gallego ministro de transporte inversion afiliados una invitacion sin costo por empresa primera inscripcion afiliados number number iva segunda inscripcion number afiliados number number iva lugar fecha y horario cali hotel intercontinental gran saln jueves number de agosto de number horario number number a m a number number p m informes e inscripciones edificio nucleo profesional avenida number a norte number number number oficina number tels number number number number number fax number acef acef com company bogot anif telfono number number number number number number fax number number number eventos anif com company inscribase ya nombre cargo empresa email direccion ciudad telfono fax nit empresa afiliado si number comentarios adicionales para dejar de recibir este mensaje haga click en eliminar de la lista este mensaje fue enviado por el servicio de mail marketing y correo directo www pallmera com pallmera number,anif federarrollo evolutivo n reciente y perspectivas de la economía a para el valle del cauca saludos si usted número puede ver este mensaje descargalo en formato pdf la asociación nacional de instituciones financieras y federarllo con la colaboración de la cmara de comercio de cali y ace,spam
"account suspension warning ! account investigation pre - suspension
warning
dear ebay member ,
you have received this warning because
we have strong reason to believe that your ebay account had been recently
compromised and it could be used by a third party without your authorization . in
order to prevent any fraudulent activity from occurring we are required to open
an investigation into this matter . to speed up this process , you are required to
verify your ebay account by following the link below .
http : / / signin . ebay . com / aw - cgi / ebayisapi . dll ? mfcisapicommand =
( to complete the
verification process you must fill in all the required fields )
remember : your
personal information is protected by ebay ' sprivacy policy and
encrypted by the industry standard ssl technology .
please note : if your
account information is not updated within the next 72 hours , then we will assume
this account is fraudulent and will be suspended . we apologize for this
inconvenience , but the purpose of this verification is to ensure that your ebay
account has not been fraudulently used and to combat fraud .
we appreciate your support and
understanding , as we work together to keep ebay a safe place to
trade .
thank you for your patience and
attention in this important matter .
regards ,
safeharbor departmentebay inc .
do not respond to this e - mail , as your reply will not be
received .
copyright 2004 ebay inc . all rights reserved . designated trademarks
and brands are the property of their respective owners . ebay and the ebay
logo are trademarks of ebay inc . is located at hamilton avenue , san jose , ca
95125",tl,account suspension warning account investigation pre suspension warning dear ebay member you have received this warning because we have strong reason to believe that your ebay account had been recently compromised and it could be used by a third party without your authorization in order to prevent any fraudulent activity from occurring we are required to open an investigation into this matter to speed up this process you are required to verify your ebay account by following the link below http signin ebay com aw cgi ebayisapi dll mfcisapicommand to complete the verification process you must fill in all the required fields remember your personal information is protected by ebay sprivacy policy and encrypted by the industry standard ssl technology please note if your account information is not updated within the next number hours then we will assume this account is fraudulent and will be suspended we apologize for this inconvenience but the purpose of this verification is to ensure that your ebay account has not been fraudulently used and to combat fraud we appreciate your support and understanding as we work together to keep ebay a safe place to trade thank you for your patience and attention in this important matter regards safeharbor departmentebay incorporated do not respond to this e mail as your reply will not be received copyright number ebay incorporated all rights reserved designated trademarks and brands are the property of their respective owners ebay and the ebay logo are trademarks of ebay incorporated is located at hamilton avenue san jose ca number,cuenta suspensión advertencia cuenta investigación pre suspensión advertencia querido miembro de ebay usted ha recibido esta advertencia porque tenemos razones sólidas para creer que su cuenta de ebay había sido recientemente comprometido y podría ser utilizado por un tercero sin su autorización con el fin de evitar que cualquier actividad fraudulenta se produzca estamos obligados a abrir una investigación sobre este asunto a s,spam
"nasýnsýn ortaksat , 07 aug 2004 23 : 08 : 47 + 0200 hacet namazý ve duasý
mevcut durumumuz sebeplere müracaatýn yanýnda
müsebbibü ' l - esbab olan allah  a dua dua yalvarmalarýmýzý artýrmamýzý
icap etmektedir . bunun için hep beraber , bir yürek , tek gönül halinde
mevla - yý müteal  in huzuruna gidip , gözyaþlarýmýzý ceyhun edelim .
rahmet arþý  ný velveleye verelim . umulur ki , rahmet ihtizaza gelir ve
hakkýmýzda düzenlenen oyunlarý ters yüz eder . çünkü  allah , oyun
bozanlarýn en hayýrlýsýdýr .  neticede o  nun dediði olacak ve meþieti
galebe çalacaktýr .
devr - i risalet penâhî  de baþa gelen bela ve musibetler karþýsýnda
efendimiz ( sav ) hacet namazý kýlmýþ ve dua etmiþlerdir . dua mecmuasý  nýn
70 - 73 . sayfalarýnda tamamen sahih rivayetlere istinât ederek
anlatýlan hacet namazý ve duasý þöyledir :
hâcet namazý ve duasý
hacet namazý ile alâkalý iki rivayet vardýr : Ýkisini de teferruatýyla
arzetmeye çalýþalým :
1 . abdest alýnýr . Ýki rekat namaz kýlýnýr , namazdan sonra
allah  a hamd u sena tesbihat ve takdisatta bulunulur .  subhanallahi
ve bihamdihi subhanallahil azim  gibi .
daha sonra makbul bir dua olan peygamber efendimiz  e ( sav ) bol bol salat
u selam getirilir ve þu dua okunur :
la ilâhe illallâhul halîmul kerim subhanallâhi rabbil arþil azîm .
elhamdulillahi rabbil âlemîn . es ' eluke mûcibâti rahmetike ve azaime maðfiretike
vel ismete min külli zenbin vel ganimete min külli birrin vesselâmete
min külli ismin lâ teda  lî zenben illâ ðafertehu velâ hemmen illa
ferrectehû velâ hâceten hiye leke rýdan illâ gazaytehâ yâ
erhamerrahimîn . allahumme ente tahkumu beyne ibâdike fîmâ kânû fîhi
yahtelifûn . la ilâhe illallâhul aliyyul azîm . lâ ilâhe illallâhul
halîmul kerîm subhâne rabbis semâvâtis - seb ' i ve rabbilarþil azîm .
elhamdulillahi rabbil alemin . allâhümme kâþîfe ' l - gammi müferrice ' l - hemmi
mücîbe da  veti ' l - muztarrîne izâ deavke . rahmâne ' d - dünya ve ' l - âhireti
ve rahîmehuma ferhamni fi hâceti hâzihî bi kadâihâ ve necâihâ
rahmeten tuðnîni bihî an rahmeti men sivak . 
bu duanýn akabinde þu dua okunur :
 allahummehfeznâ vahfaz ümmete muhammed fi enhâil âlemi min külli
þerrin ve darr . allâhümme aleyke bi a  dâike ve a  dâina ve a  dâiddîn .
allahümme þettit þemlehum ve ferrik cem  ahum ve mezzikhum külle mümezzak .
vec  al be  sehum beynehum . 
2 . her iki rekatta selam verilmek suretiyle 12 rekat namaz kýlýnýr .
12 . rekatta teþehhütten sonra selam vermeden önce allah  a hamdu sena ,
peygamberimiz  e ( sav ) salat u selam getirilir . sonra tekbir alýnarak
secdeye gidilir . secdede 7 defa fatiha , 7 defa ayet  el kürsi , 7 defa Ýhlas
suresi , 10 defa da :
la ilahe illallâhu vahdehu la þerikeleh . lehul mülkü ve lehü ' l - hamdü
ve hüve alâ külli þeyin kadir .  duasý ve müteakiben þu dua
okunur :
 allâhumme innî es  eluke mekâidel izzi min arþike ve münteharrahmeti
min kitâbike ve  smike ' l - a  zami ve ceddike ' l - a  la ve kelimâtike  t - tâmmeti . 
bu duanýn peþinden de esas hacet ile ilgili þu dua okunur :
 allâhummehfeznâ vahfaz ümmete muhammed fi enhâil âlemi min külli
þerrin ve darr . allâhümme aleyke bi a  dâike ve a  dâinâ ve
a  daiddîn . allahümme þettit þemlehum ve ferik cem  ahum ve
mezzikhum külle mümezzak , vec  al be  sehum beynehum . 
bütün bu dualar okunduktan sonra baþ secdeden kaldýrýlýr ve selam
verilir . duada zaman ve mekanýn da kendine göre bir ehemmiyeti vardýr .
mescid - i haram , mescid - i nebevi gibi yerlerde , cuma günü icabe - i saatte
ve cemaat halinde yapýlan dualarýn kabule karin olacaðýna dair
rivayetler vardýr . bütün bunlarýn yanýnda en önemlisi gece , alemin
sessizliðe gömüldüðü teheccüt vaktinde kalkýp , kýlýnan bir hacet
namazý ve iç ýstýraplarýna , gönül rikkatine , ruh saffetine delalet
eden göz yaþlarýyla takdim edilen bir duanýn arþ - ý rahmet tarafýndan
reddedilmeyeceðini ümit ediyoruz . bu hacet namazý ve duasýna 40 gün
devam edilmeli . cenab - ý hakk , âlem  i Ýslâm  ý muhafaza eylesin 
amin",tr,nas ns n ortaksat number aug number number number number number hacet namaz ve duas mevcut durumumuz sebeplere m racaat n yan nda m sebbib l esbab olan allah a dua dua yalvarmalar m z art rmam z icap etmektedir bunun i in hep beraber bir y rek tek g n l halinde mevla y m teal in huzuruna gidip g zya lar m z ceyhun edelim rahmet ar n velveleye verelim umulur ki rahmet ihtizaza gelir ve hakk m zda d zenlenen oyunlar ters y z eder nk allah oyun bozanlar n en hay rl s d are neticede o nun dedi i olacak ve me ieti galebe alacakt are devr i risalet pen h de ba a gelen bela ve musibetler kar s nda efendimiz sav hacet namaz k lm ve dua etmi lerdir dua mecmuas n n number number sayfalar nda tamamen sahih rivayetlere istin t ederek anlat lan hacet namaz ve duas yledir h cet namaz ve duas hacet namaz ile al kal iki rivayet vard are kisini de teferruat yla arzetmeye al al m number abdest al n are ki rekat namaz k l n are namazdan sonra allah a hamd you sena tesbihat ve takdisatta bulunulur subhanallahi ve bihamdihi subhanallahil azim gibi daha sonra makbul bir dua olan peygamber efendimiz e sav bol bol salat you selam getirilir ve you dua okunur la il he illall hul hal mul kerim subhanall hi rabbil ar il az m elhamdulillahi rabbil lem n es eluke m cib ti rahmetike ve azaime ma firetike vel ismete minute k lli zenbin vel ganimete minute k lli birrin vessel mete minute k lli ismin l teda l zenben ill afertehu vel hemmen illa ferrecteh vel h ceten hiye leke are dan ill gazayteh y erhamerrahim n allahumme ente tahkumu beyne ib dike f m k n f hi yahtelif n la il he illall hul aliyyul az m l il he illall hul hal mul ker m subh ne rabbis sem v tis seb i ve rabbilar il az m elhamdulillahi rabbil alemin all h mme k fe l gammi m ferrice l hemmi m c be da veti l muztarr ne iz deavke rahm ne d d nya ve l hireti ve rah mehuma ferhamni fi h ceti h zih bi kad ih ve nec ih rahmeten tu n ni bih an rahmeti men sivak bu duan n akabinde you dua okunur allahummehfezn vahfaz mmete muhammed fi enh il lemi minute k lli errin ve darr all h mme aleyke bi a d ike ve a d ina ve a d idd n allah mme ettit emlehum ve ferrik cem ahum ve mezzikhum k lle m mezzak vec al be sehum beynehum number her iki rekatta selam verilmek suretiyle number rekat namaz k l n are number rekatta te ehh tten sonra selam vermeden nce allah a hamdu sena peygamberimiz e sav salat you selam getirilir sonra tekbir al narak secdeye gidilir secdede number defa fatiha number defa ayet el k rsi number defa hlas suresi number defa da la ilahe illall hu vahdehu la erikeleh lehul m lk ve leh l hamd ve h ve al k lli eyin kadir duas ve m teakiben you dua okunur all humme inn es eluke mek idel izzi minute ar ike ve m nteharrahmeti minute kit bike ve smike l a zami ve ceddike l a la ve kelim tike t t mmeti bu duan n pe inden de esas hacet ile ilgili you dua okunur all hummehfezn vahfaz mmete muhammed fi enh il lemi minute k lli errin ve darr all h mme aleyke bi a d ike ve a d in ve a daidd n allah mme ettit emlehum ve ferik cem ahum ve mezzikhum k lle m mezzak vec al be sehum beynehum b t n bu dualar okunduktan sonra ba secdeden kald are l are ve selam verilir duada zaman ve mekan n da kendine g regarding bir ehemmiyeti vard are mescid i haram mescid i nebevi gibi yerlerde cuma g n icabe i saatte ve cemaat halinde yap lan dualar n kabule karin olaca na dair rivayetler vard are b t n bunlar n yan nda en nemlisi gece alemin sessizli e g m ld tehecc t vaktinde kalk p k l nan bir hacet namaz ve i st raplar na g n l rikkatine ruh saffetine delalet eden g z ya lar yla takdim edilen bir duan n ar rahmet taraf ndan reddedilmeyece ini mit ediyoruz bu hacet namaz ve duas na number g n devam edilmeli cenab hakk lem i sl m muhafaza eylesin amin,nas n ortaksat número aug número número número número hacet namaz ve duas mevcut durumumuz sebeplere m racaat n yan nda m sebbib l esbab olan allah a dua dua yalvarmalar m z art rmam z icap etmektedir bunun i in hep berber bir y rek tek g n l halinde mevla y m teal in huzuruna gidip g zya lar,spam
"[ wm ] ceviri yazilimlari html >
Ýnternette kendÝnÝzÝ daha ÝyÝ hÝssedeceksÝnÝz .
ÝngÝlÝzce web sayfalarinin tÜrkçe ' ye çevÝrÝ yazilimi
$ 39 + kdv
ÝngÝlÝzce ' den tÜrkçe ' ye bÝlgÝsayar desteklÝ
metÝn çevÝrÝ yazilimi
( ms - word altinda kullanim , tÜm windows versÝyonlari Ýle uyumlu )
$ 69 + kdv
ÝkÝ yazilim bÝrlÝkte
$
89 + kdv
ayrýntýlý bilgi
Ýçin týklayýn
bÝlsag ltd .
ahmet mÝthat
efendÝ sok . 22 / 1 çankaya 06700 / ankara /
tlf : 0312 . 439 2850 / fax : 0312 . 439 9347
bilsag @ msn . com
e - posta adres listemizden çýkmak içinçikar tuþuna basýnýz
bu elektronik posta : webmake - talk @ lists . sourceforge . net e gönderilmiþtir
this sf . net email is sponsored by : osdn - tired of that same old
cell phone ? get a new here for free !
webmake - talk mailing list
webmake - talk @ lists . sourceforge . net",tr,wm ceviri yazilimlari html nternette kend n z daha y h ssedeceks n z ng l zce web sayfalarinin t rk e ye ev are yazilimi number kdv ng l zce den t rk e ye b lg sayar destekl met n ev are yazilimi ms word altinda kullanim t m windows vers yonlari le uyumlu number kdv k yazilim b rl kte number kdv ayr nt l bilgi in t klay n b lsag limited ahmet m that efend sok number number ankaya number ankara tlf number number number fax number number number bilsag msn com e posta adres listemizden kmak i in ikar tu una bas n z bu elektronik posta webmake talk lists sourceforge net e g nderilmi tir this sf net email is sponsored by osdn tired of that same old cell phone get a new here for free webmake talk mailing list webmake talk lists sourceforge net,html nternette kend n z daha y h ssedeceks n z ng l zce web sayfalarinin t rk e ye e ev son yazilimi número kdv ng l zce den t rk e ye b lg sayar destekl met n ev son yazilimi ms word altinda kullanim t m windows vers yonlari le uyumlu número kdv k yazilim b rl,spam
"re : cplex floating license chonawee and i just had a phone conversation with cplex . there are other
alternatives ( products ) that may help in saving time and cost . chonawee and i
feel that one floating develoment license , and one or two opl ( a package on
sale that provides modeling and optimization features ) licenses will do . in
addition , we need floating deployment licenses . for the development licenses ,
the charges should be split "" equally "" between the different groups that may
ask for optimization help ( although it is hard to predict who may ask for
future help ) . we are suggesting equally since these licenses are used to
develop the needed solution but are not ( in general ) used to run the
software . the deployment licenses can be charged on per - use basis for
different groups .
cplex is going to send us a new quote . we ' ll make the decision soon after
that .
- samer",tr,regarding cplex floating license chonawee and i just had a phone conversation with cplex there are other alternatives products that may help in saving time and cost chonawee and i feel that one floating develoment license and one or two opl a package on sale that provides modeling and optimization features licenses will do in addition we need floating deployment licenses for the development licenses the charges should be split equally between the different groups that may ask for optimization help although it is hard to predict who may ask for future help we are suggesting equally since these licenses are used to develop the needed solution but are not in general used to run the software the deployment licenses can be charged on per use basis for different groups cplex is going to send us a new quote we ll make the decision soon after that samer,con respecto a la licencia flotante cplex chonawee y acabo de tener una conversación telefónica con cplex hay otros productos alternativos que pueden ayudar a ahorrar tiempo y coste chonawee y siento que una licencia de desarrollo flotante y uno o dos opl un paquete en venta que proporciona modelado y optimización licencias características hará además necesitamos licencias de despliegue flotante para los licenciados de desarrollo,ham
